Title;Author;Publisher;Published Date;Format;Pages;Series;Volume;Language;ISBN;Page Read;Item Url;Icon Path;Photo Path;Image Url;Summary;Location;Price;Genres;Rating;Added Date;Copy Index;Read;Started Reading Date;Finished Reading Date;Favorite;Comments;Tags;BookShelf;Settings
A proposito di niente;"Allen, Woody; Pezzotta, Alberto";La nave di Teseo;2020-05-14;Copertina flessibile;400;;;Italiano;9788834603345;;https://www.amazon.it/dp/8834603346?tag=handylibitaly-21&linkCode=osi&th=1&psc=1;;;https://m.media-amazon.com/images/I/41rzTmOtawL._SL500_.jpg;"Nato a Brooklyn nel 1935, Woody Allen ha iniziato la sua carriera nello spettacolo a sedici anni, scrivendo battute per un giornale di Broadway, e ha continuato a scrivere per la radio, la televisione, il teatro, il cinema e il New Yorker. Ha lasciato la stanza dello scrittore decenni fa per diventare comico nei locali notturni e, da allora, un regista conosciuto in tutto il mondo.
Durante sessant’anni di cinema, ha scritto e diretto cinquanta film, recitando in molti di essi. Ha ricevuto numerosi riconoscimenti internazionali, diverse statue sono state erette in suo onore (qualcosa di cui non riuscirà mai a capacitarsi) e i suoi film sono stati studiati nelle scuole e nelle università di tutto il mondo.
In A proposito di niente, Allen racconta dei suoi primi matrimoni, con una fiamma della giovinezza e poi con l’amata e divertente Louise Lasser, che evidentemente adora ancora. Racconta anche della sua storia e dell’amicizia eterna con Diane Keaton. Descrive la sua relazione personale e professionale con Mia Farrow, che ha dato vita a film divenuti classici fino alla loro burrascosa rottura, per la quale l’industria dei tabloid ancora li ringrazia. Afferma di essere stato il più sorpreso di tutti quando a 56 anni è iniziata una relazione romantica con la ventunenne Soon-Yi Previn, diventata una storia d’amore appassionata e un matrimonio felice che dura da oltre ventidue anni.
Ironico, pienamente sincero, pieno di guizzi creativi e non poca confusione, un’icona della cultura mondiale racconta, non richiesto, la propria storia.";;;Biografie e autobiografie;4.02;05/23/2026;;;;;;;;Sx6;3.0.0
Afrodita. Racconti, ricette e altri afrodisiaci;"Allende, Isabel; Llona, Panchita; Liverani, Elena; Geroldi, Simona; Shekter, Robert";Feltrinelli;1998-04-06;Copertina flessibile;325;;;Italiano;9788807420856;;https://www.amazon.it/dp/8807420856?tag=handylibitaly-21&linkCode=osi&th=1&psc=1;;;https://m.media-amazon.com/images/I/417gyu+c1RL._SL500_.jpg;"Me arrepiento de los platos deliciosos rechazados por vanidad, tanto como lamento las ocasiones de hacer el amor que he dejado pasar por ocuparme de tareas pendientes o por virtud puritana, ya que ""la sexualidad es un componente de la buena salud, inspira la creación y es parte del camino del alma... Por desgracia, me demoré treinta años en descubrirlo"".

English Translation: I regret delicious plates rejected by vanity, as much as moan the occasions to make the love that I have let pass to occupy to me of pending tasks or by puritana virtue, since "" the sexuality is a component of the good health, it inspires the creation and it is part of the way of the core... Unfortunately, I was delayed thirty years in discovering it "".

";;;Narrativa contemporanea;3.63;05/23/2026;;;;;;;;Sx5;257
Aléxandros;Manfredi, Valerio Massimo;Mondadori;2002-11-26;Copertina flessibile;883;Alexandros;;ita;9788804515968;;https://www.goodreads.com/book/show/2927903-al-xandros;;;https://s.gr-assets.com/assets/nophoto/book/111x148-675b3b2743c83e96e2540d2929d5f4d2.png;"Conquistò un impero enorme, toccando i confini del mondo allora conosciuto. Ma chi era davvero Alessandro, il giovane re macedone considerato un dio dai suoi contemporanei? Questa trilogia ci porta nel cuore della sua avventura: dall'infanzia, segnata dall'assassinio del padre Filippo, al patto di sangue con i più fedeli compagni; dai presagi sul suo grande destino fino alla conquista dell'Asia, un'impresa impensabile per un greco del IV secolo a.C. Lo vediamo marciare, combattere, amare. Lo accompagniamo nello svolgersi di una vita irripetibile e favolosa. E siamo con lui quando il suo sogno sembra infrangersi di fronte al termine del viaggio, al confine estremo della terra.";;;Favorites;4.35;05/23/2026;;;;;;;;Sx4;MM/DD/YYYY
Bella vita e guerre altrui di Mr. Pyle, gentiluomo;Barbero, Alessandro;A. Mondadori;;Copertina rigida;660;;;ita;9788804400875;;https://www.goodreads.com/book/show/433884.Bella_vita_e_guerre_altrui_di_Mr_Pyle_gentiluomo;;;https://i.gr-assets.com/images/S/compressed.photo.goodreads.com/books/1344084618l/433884._SY160_.jpg;Napoleone minacciava il traballante Sacro Romano Impero dei tedeschi, i prussiani tramavano con tutti alle spalle di tutti, gli inglesi si infuriavano, e dalla lontana America un Congresso perplesso manda un giovane gentiluomo a cercare di capirci qualcosa, ovverossia a fare diplomaticamente la spia nelle corti europee. Scritto miracolosamente giorno dopo giorno, sui tavoli delle locande, alla luce delle candele, o in strada, su uno scrittoio portatile, tra incontri con Goethe, Fichte e il re di Prussia e frettolosi amori con cameriere e dame compiacenti, questo è il diario di un viaggio così vero da sembrare una mistificazione perfetta.;;;Did-not-finish;3.38;05/23/2026;;;;;;;;Sx4;YYYY-MM-DD
Breve storia delle crociate;Riley-Smith, Jonathan;Mondadori;1997-01-01;Copertina flessibile;1;;;Italiano;9788804432364;;https://www.amazon.it/dp/8804432365?tag=handylibitaly-21&linkCode=osi&th=1&psc=1;;;https://m.media-amazon.com/images/I/51OEqViB16L._SL500_.jpg;A comprehensive history of the Crusades: an account of the theology of violence behind the Crusades, the major Crusades, the experience of crusading, and the crusaders themselves.;;;Storia militare;3.69;05/23/2026;;;;;;;;Sx4;05/23/2026
Cambridge advanced learner's dictionary. Con CD-ROM;"Woodford, Kate; Jackson, Guy";Loescher;2003-08-23;Copertina flessibile;1562;;;Inglese;9780521531061;;https://www.amazon.it/dp/0521531063?tag=handylibitaly-21&linkCode=osi&th=1&psc=1;;;https://m.media-amazon.com/images/I/41FHG860C3L._SL500_.jpg;The Cambridge Advanced Learner's Dictionary doesn't just help you find words quickly and understand them easily. It gives the vital support which advanced students need, especially with the essential skills: reading, writing, listening and speaking. Key Features, In the book: * 170,000 words, phrases and examples * New words: all the important new words that have come into the language (e.g. dirty bomb, lairy, jus, 9/11, clickable) so that your English stays up-to-date * Colour headwords: so that you can find the word you are looking for quickly * Idiom Finder: making idioms so much easier to find * 200 'Common Learner Error' notes show how to avoid common mistakes * 25,000 collocations show the way words work together in English * Colour pictures: 16 full page colour pictures that explain groups of words visually. On the CD-ROM: * Sound: recordings in British and American English for all words, plus practice tools to help improve pronunciation * UNIQUE Smart Thesaurus helps you choose the right word - fast * QUICKfind looks up words for you while you are working or reading on screen * UNIQUE SUPERwrite gives on screen help with grammar, spelling and collocation when you are writing. * Hundreds of interactive exercises can be printed for classroom use or done on-screen * Copy and paste lets you use any part of the dictionary in your own documents;;;Dizionari e vocabolari;3.80;05/23/2026;;;;;;;;Sx6;
Cronache del dopobomba;"Dick, Philip K.; Nati, Maurizio; Pagetti, Carlo";Fanucci;2012-03-01;Copertina flessibile;276;;;ita;9788834718735;;https://www.goodreads.com/book/show/17886838-cronache-del-dopobomba;;;https://i.gr-assets.com/images/S/compressed.photo.goodreads.com/books/1549711961l/17886838._SX98_.jpg;"Che cosa accade dopo la fine del mondo? Cosa avviene quando la Bomba - quella di cui tutti parlavano dal 1945 - viene finalmente lanciata? Apparso nel 1963, ""Cronache del dopobomba"" narra il mondo dopo il lancio dell'ordigno che ha messo in ginocchio l'umanità, cancellando dalla faccia della terra città ed esseri viventi. I sopravvissuti non sono più uguali a prima, ma rappresentano l'embrione di una stirpe che ha innestato sulle malinconie di una civiltà al crepuscolo il vitalismo confuso di una razza agli albori. L'intero pianeta viene rappresentato da una piccola comunità californiana, in cui i superstiti vivono aggrappati alle onde radio che provengono dallo spazio. Il loro profeta è Walt Dangerfield, l'astronauta rimasto bloccato in orbita prima della catastrofe atomica, e che dal cielo trasmette alla Terra nastri musicali e pedagogici. Introduzione di Carlo Pagetti. Postfazione di Antonio Gnoli.";;;Science-fiction;3.70;05/22/2026;;;;;;;;Sx6;
D'amore e ombra;"Allende, Isabel; Morino, Angelo";Feltrinelli;2006-01-01;Copertina flessibile;244;;;Italiano;9788807810213;;https://www.amazon.it/dp/B004ZKPD0S?tag=handylibitaly-21&linkCode=osi&th=1&psc=1;;;https://m.media-amazon.com/images/I/51A28gg9P2L._SL500_.jpg;Sullo sfondo dell'inquieto scenario della società cilena, il sorgere di un amore tra due giovani giornalisti impegnati in una pericolosa indagine. Evangelina, una ragazza di facoltà medianiche, sparisce all'improvviso sequestrata dalla polizia. I due giovani, Irene e Francisco, si mettono alla sua ricerca, percorrendo una triste trafila che li porta dai commissariati alle carceri, dalla morgue ai campi di concentramento, mentre l'incubo della dittatura si fa sempre più incombente. Nell'appassionata descrizione della crescita sentimentale ed etica dei due giovani, dietro cui si cela una vicenda collettiva dura e drammatica, e nella perfetta costruzione di una trama che si fa via via sempre più avvincente, Isabel Allende dispiega ancora una volta le grandi doti di narratrice che hanno fatto de La casa degli spiriti un bestseller mondiale.;;;Narrativa contemporanea;4.00;05/23/2026;;;;;;;;Sx6;
Diario di scuola;"Pennac, Daniel; Mélaouah, Yasmina";Feltrinelli Editore;2013-01-02;Ebook;258;;;Italiano;9788807880902;;https://www.amazon.it/dp/B017PFLN4Y?tag=handylibitaly-21&linkCode=osi&th=1&psc=1;;;https://m.media-amazon.com/images/I/31IjxXkKjPL._SL500_.jpg;"L'autore affronta il grande tema della scuola dal punto di vista degli alunni. In verità dicendo ""alunni"" si dice qualcosa di troppo vago: qui è in gioco il punto di vista degli ""sfaticati"", dei ""fannulloni"", degli ""scavezzacollo"", dei ""marioli"", dei ""cattivi soggetti"", insomma di quelli che vanno male a scuola. Pennac, ex scaldabanco lui stesso, studia questa figura popolare e ampiamente diffusa dandogli nobiltà, restituendogli anche il peso d'angoscia e di dolore che gli appartiene. Il libro mescola ricordi autobiografici e riflessioni sulla pedagogia, sulle universali disfunzioni dell'istituto scolastico, sul ruolo dei genitori e della famiglia, sulla devastazione introdotta dal giovanilismo, sul ruolo della televisione e di tutte le declinazioni dei media contemporanei. E da questo rovistare nel ""mal di scuola"" che attraversa con vitalissima continuità i vagabondaggi narrativi di Pennac vediamo anche spuntare una non mai sedata sete di sapere e d'imparare che contrariamente ai più triti luoghi comuni, anima i giovani di oggi come quelli di ieri. Con la solita verve, l'autore della saga dei Malaussène movimenta riflessioni e affondi teorici con episodi buffi o toccanti, e colloca la nozione di amore, così ferocemente avversata, al centro della relazione pedagogica.";;;Saggi;3.61;05/23/2026;;;;;;;;Sx6;
Donna per caso;"Coe, Jonathan; Massaron, Stefano";Feltrinelli;2006-02-06;Copertina flessibile;157;;;Italiano;9788807840241;;https://www.amazon.it/dp/8807840243?tag=handylibitaly-21&linkCode=osi&th=1&psc=1;;;https://m.media-amazon.com/images/I/41u2Oapvn6L._SL500_.jpg;"Per Maria non c'è nulla di certo. La sua vita è una sequenza di episodi accidentali. L'amicizia di chi la circonda non la smuove, e non la smuovono neppure le reiterate offerte di matrimonio da parte di Ronny, innamorato devoto. Le piace vivere dentro i confini che certamente sente come il suo mondo ma che altrettanto sicuramente sa non essere prodotto di una ""sua"" precisa volontà. Si laurea, si sposa, ha un figlio e continua a non capire come di quegli eventi si possa dire ""la mia vita"". Esiste un grimaldello capace di far saltare l'apparente freddezza esistenziale di Maria? O tutto è destinato a finire com'è cominciato, vale a dire ""per caso""? ""Donna per caso"" è il primo romanzo di Jonathan Coe.";;;Narrativa contemporanea;3.09;05/23/2026;;;;;;;;Sx6;
Donne dagli occhi grandi;"Mastretta, Ángeles; Maneri, Gina";Giunti Editore;1998-12-22;Copertina flessibile;192;;;Italiano;9788809214170;;https://www.amazon.it/dp/880921417X?tag=handylibitaly-21&linkCode=osi&th=1&psc=1;;;https://m.media-amazon.com/images/I/41DJ-248ObL._SL500_.jpg;"La zia Daniela s'innamorò come s'innamorano sempre le donne intelligenti: come un'idiota. Il microcosmo della città messicana di Puebla si trasforma in un grande universo femminile animato dalle avventure delle ""zie"": donne capaci di affascinarci con i loro sogni, con le loro passioni, con il tratto originale che ognuna di loro imprime alla vita quotidiana.""";;;Narrativa contemporanea;3.99;05/23/2026;;;;;;;;Sx5;
Donne dell'anima mia;"Allende, Isabel; Liverani, Elena";Feltrinelli;2020-11-12;Copertina flessibile;176;;;ita;9788807034206;;https://www.goodreads.com/book/show/55883993-donne-dell-anima-mia;;;https://i.gr-assets.com/images/S/compressed.photo.goodreads.com/books/1605200391l/55883993._SX98_.jpg;Isabel parte dalle origini, dai dati biografici di un’infanzia e di un’adolescenza passate nella cornice di una rigida struttura patriarcale. L’istinto di ribellione in lei è una sorta di reazione naturale a questa esistenziale forma di discriminazione che genera l’attitudine filosofica che l’ha portata negli anni a schierarsi sempre con i deboli, con gli emarginati e con tutte le donne, vittime di una mancata emancipazione. Isabel ci racconta le tappe del suo cammino, la consapevolezza dell’importanza dell’indipendenza economica, le relazioni tra sessi, la sua biografia sentimentale e professionale. E poi la terza età, ciò che ha significato per lei, donna pienamente liberata e convinta che i modelli imposti portino a una forma di pregiudizio contro la vecchiaia non dissimile dagli atteggiamenti sessisti e razzisti.;;;Non-fiction;4.03;05/23/2026;;;;;;;;Sx5;
Dostoevskij Il Giorno Della Civetta;Dostoevskij;corriere della sera i grandi romanzi;2002-01-01;Copertina rigida;144;;;Italiano;;;https://www.amazon.it/dp/B002P409BE?tag=handylibitaly-21&linkCode=osi&th=1&psc=1;;;https://m.media-amazon.com/images/I/41pNv-o2lxL._SL500_.jpg;;;;Testi di formazione e consultazione;;05/23/2026;;;;;;;;Sx6;
Dostoevskij Il Giorno Della Civetta;Dostoevskij;corriere della sera i grandi romanzi;2002-01-01;Copertina rigida;144;;;Italiano;;;https://www.amazon.it/dp/B002P409BE?tag=handylibitaly-21&linkCode=osi&th=1&psc=1;;;https://m.media-amazon.com/images/I/41pNv-o2lxL._SL500_.jpg;;;;Testi di formazione e consultazione;;05/23/2026;1;;;;;;;Sx6;
Dostoevskij Il Giorno Della Civetta;Dostoevskij;corriere della sera i grandi romanzi;2002-01-01;Copertina rigida;144;;;Italiano;;;https://www.amazon.it/dp/B002P409BE?tag=handylibitaly-21&linkCode=osi&th=1&psc=1;;;https://m.media-amazon.com/images/I/41pNv-o2lxL._SL500_.jpg;;;;Testi di formazione e consultazione;;05/23/2026;2;;;;;;;Sx6;
Enciclopedia Universale;"Author, Unknown; , GARZANTI";Garzanti;2011-11-24;Copertina flessibile;1975;;;Italiano;9788811505303;;https://www.amazon.it/dp/8811505305?tag=handylibitaly-21&linkCode=osi&th=1&psc=1;;;https://m.media-amazon.com/images/I/41tq6uy1k0L._SL500_.jpg;;;;Dizionari e vocabolari;0;05/23/2026;;;;;;;;Sx6;
Eneide;", Virgil; Ramous, M.; Conte, Gian Biagio; Ramous, Mario";Marsilio;2018-10-11;Copertina flessibile;400;;;Italiano;9788831743013;;https://www.amazon.it/dp/8831743015?tag=handylibitaly-21&linkCode=osi&th=1&psc=1;;;https://m.media-amazon.com/images/I/31fdRsSWGoL._SL500_.jpg;Il viaggio di Enea, novello Odisseo, per fondare sui lidi italici una nuova Troia. E, al di là del racconto mitico, una società, la società romana impegnata a ricostruire una sua identità dopo le lacerazioni delle guerre civili sotto la guida di Augusto, il principe restauratore, il garante della pace. L'Eneide è il poema epico-storico che celebra, nel nome di Enea, Roma e la casa di Augusto, i principi e i valori della tradizione romana. Ma è anche, come l'Iliade e come l'Odissea a cui si ispira, un poema universale che parla alla coscienza e alla sensibilità di tutti gli uomini attraverso i temi immortali del suo canto: la violenza e la pietà, l'eroismo e la gloria, il dovere e il destino. Un'opera di altissima poesia, un modello per tutta la cultura occidentale.;;;Greca e romana;3.88;05/23/2026;;;;;;;;Sx6;
Essere Cristiani Una summa della fede per tutti gli uomini del nostro tempo;Küng, Hans;Mondadori;;Copertina flessibile;;;;Italiano;9788804169000;;https://www.amazon.it/dp/8804169001?tag=handylibitaly-21&linkCode=osi&th=1&psc=1;;;https://m.media-amazon.com/images/I/51-4AzTJFEL._SL500_.jpg;;;;Gialli e Thriller;4.07;05/22/2026;;;;;;;;Sx6;
Eva Luna;"Allende, Isabel; Morino, Angelo";Feltrinelli;2012-06-27;Copertina flessibile;272;;;Italiano;9788807810763;;https://www.amazon.it/dp/880781076X?tag=handylibitaly-21&linkCode=osi&th=1&psc=1;;;https://m.media-amazon.com/images/I/51Clv8l46GL._SL500_.jpg;"Eva Luna è una bambina, figlia di diseredati, che viene abbandonata fin da piccola e destinata come tanti suoi simili al mestiere di serva. Osservatrice, avventurosa, con una spiccata personalità, la piccola cresce in un mondo oppresso dalla dittatura, divorato dall'ingiustizia, ma lo affronta e lo trasforma con la fantasia. Ne nasce un'indimenticabile figura di donna, nella tradizione del romanzo picaresco spagnolo, una donna in cui l'immaginazione, lo spirito di iniziativa, insieme a piccoli casi fortunati e inaspettati gesti di solidarietà, consentono di sopravvivere fino a che la realtà si costruisce a misura del desiderio. Allora non è più necessario inventare un amore eccezionale, basta solo vestirlo a festa perchè duri nella memoria e perchè ogni storia possa avere un finale felice da raccontare tra le canzoni dell'adolescenza, ""fra risate e sorsi di vino"".";;;Narrativa contemporanea;4.01;05/23/2026;;;;;;;;Sx5;
Eva Luna racconta;"Allende, Isabel; Guadalupi, Gianni";Feltrinelli;2012-06-27;Copertina flessibile;272;;;Italiano;9788807812064;;https://www.amazon.it/dp/8807812061?tag=handylibitaly-21&linkCode=osi&th=1&psc=1;;;https://m.media-amazon.com/images/I/51Cx768ZlPL._SL500_.jpg;Una bimba solitaria si innamora dell'amante della madre e, nelle torride sieste della pensione in cui vive, inventa misteriose cerimonie che conducono entrambi sull'orlo di un profondo abisso. Da un sotterraneo abbandonato viene liberata una vecchia rimasta prigioniera per mezzo secolo, vittima di un caudillo geloso. Quando si ritrova all'aperto, nuda, i lunghi capelli bianchi che sfiorano terra, gli occhi ciechi per il buio di decenni, non ricorda neppure il proprio nome. Nel fragore di una battaglia, tra le fiamme e gli spari, un uomo violenta una ragazza e ne uccide il padre. Vivrà perseguito dal rimorso fino a tornare sul luogo del delitto, dove la donna lo aspetta per vendicarsi. Sono alcuni straordinari personaggi di questi racconti, narrati da Eva Luna, accanto ai quali incontriamo Rolf Carlé, il fotografo segnato dagli orrori della guerra, Riad Halibì, l'arabo dal cuore compassionevole, la Maestra Ines, il Benefattore e altri che i lettori di Eva Lunagià conoscono. Un sottile filo narrativo unisce queste storie d'amore e di violenza, dal tono sempre contenuto, quasi dimesso, in contrasto con la ricchezza delle immagini, l'esuberanza degli scenari e la stravaganza delle passioni che determinano i destini di una stralunata umanità.;;;Narrativa contemporanea;3.98;05/23/2026;;;;;;;;Sx5;
Ex cattedra;Starnone, Domenico;Feltrinelli;2005-07-04;Copertina flessibile;132;;;Italiano;9788807811029;;https://www.amazon.it/dp/8807811022?tag=handylibitaly-21&linkCode=osi&th=1&psc=1;;;https://m.media-amazon.com/images/I/51xH8llxw3L._SL500_.jpg;"Anno scolastico 1985-1986. Sullo sfondo di una scuola esilarante, descritta minuziosamente in tutti i suoi rituali, insegnanti e studenti vagano senza meta per corridoi e aule. Tutte le passioni sono sopite. Anche il dubbio ha perso ogni funzione didattica. La cattedra è un'ex cattedra. A tratti, in questo ambiente rigorosamente chiuso, giunge l'eco degli eventi del mondo. Allora si accendono vecchie e nuove passioni. Ma è un fuoco di paglia. Insegnanti e studenti tornano presto ad essere figure impassibili e insieme compassionevoli, come quegli attori tristissimi pagati per prendere torte in faccia. ""Ex cattedra"" diverte, ma al modo di quegli attori: mettendo in scena una tragedia che, varcato il limite del tragico, volge al comico. Nato come resoconto settimanale delle condizioni di lavoro nella scuola media superiore (ogni domenica sulle pagine di ""il manifesto""), questo testo trasforma il reportage su una istituzione ai margini estremi della crisi in una narrazione che corre sul filo della risata.

In copertina: disegno di Sergio Staino";;;Narrativa contemporanea;3.51;05/23/2026;;;;;;;;Sx5;
Feelin Rooti;Oroonies, Cheapsuit;Oroonie Toons;;Copertina flessibile;;;;;;;https://www.amazon.it/dp/B00651E7H0?tag=handylibitaly-21&linkCode=osi&th=1&psc=1;;;https://m.media-amazon.com/images/I/41uV3UyqBQL._SL500_.jpg;;;;Categorie;;05/23/2026;;;;;;;;Sx5;
Fuori registro;Starnone, Domenico;Feltrinelli;2008-09-22;Copertina flessibile;136;;;Italiano;9788807811869;;https://www.amazon.it/dp/8807811863?tag=handylibitaly-21&linkCode=osi&th=1&psc=1;;;https://m.media-amazon.com/images/I/51I-a7CkLHL._SL500_.jpg;"Tra tutti i ripetenti, l'insegnante è il più ripetente di tutti. Gli studenti, come sassi di una fionda, fanno un po' di giri e poi finiscono via. L'insegnante resta, anno scolastico dietro anno scolastico, imbambolato dalla giostra su cui è salito a sei senza sapere che non ne sarebbe sceso più. Un insegnate pluriripetente racconta qualche giro sulla 'giostra scuola'. Ne vengono invenzioni buffe praticamente vere. Un'allieva che cambia continuamente nome per confondere il suo insegnante. Un amore infantile nato tra ""Pianto antico"" e ""Chiccolino dove vai"". Un docente svampito braccato dai fantasmi senza nome dei suoi studenti. Un corso interdisciplinare più attento al Moro di Venezia che a un giovane studente nigeriano. Una fuga attraverso aule e corridoi di un insegnate che non vuole pianificare il suo lavoro. Il Novellino di un'istituzione - la scuola media superiore - freneticamente immobile.";;;Narrativa contemporanea;3.40;05/23/2026;;;;;;;;Sx5;
Gli ebrei di New York;maurizio-molinari;Laterza;2007-01-11;Copertina flessibile;253;;;Italiano;9788842081753;;https://www.amazon.it/dp/8842081752?tag=handylibitaly-21&linkCode=osi&th=1&psc=1;;;https://m.media-amazon.com/images/I/51NVURWnAQL._SL500_.jpg;;;;Ebraismo;0;05/22/2026;;;;;;;;Sx5;
I cavalieri che fecero l'impresa;Avati, Pupi;Mondadori;2000-03-01;Copertina rigida;233;;;Italiano;9788804482550;;https://www.amazon.it/dp/8804482559?tag=handylibitaly-21&linkCode=osi&th=1&psc=1;;;https://m.media-amazon.com/images/I/41labA3+AOL._SL500_.jpg;Italian;;;Narrativa contemporanea;3.11;05/23/2026;;;;;;;;Sx4;
I delitti del mosaico;Leoni, Giulio;Mondadori;2004-02-17;Copertina rigida;321;Dante Alighieri;;ita;9788804524588;;https://www.goodreads.com/book/show/5709812-i-delitti-del-mosaico;;;https://i.gr-assets.com/images/S/compressed.photo.goodreads.com/books/1293029605l/5709812._SX98_.jpg;Nel 1300 Dante Alighieri viene nominato Priore di Firenze. È la carica più alta della città e comprende, oltre alla gestione della cosa pubblica e della politica cittadina, anche il comando delle milizie. Proprio in questa veste Dante viene chiamato a indagare sulla misteriosa morte di un artigiano, lasciato morire con il volto coperto di calce viva ai piedi della sua ultima opera, un enorme mosaico che rappresenta le ere dell'uomo. Convinto che dietro il delitto si nasconda una macchinazione politica, Dante segue un'indagine nelle pieghe di una Firenze corrotta e multiforme, svelando alla fine un segreto capace di cambiare la storia.;;;Mystery;2.82;05/23/2026;;;;;;;;Sx4;
I segreti di Roma. Storie, luoghi e personaggi di una Capitale;Augias, Corrado;Mondadori;;Copertina rigida;422;;;ita;9788804543992;;https://www.goodreads.com/book/show/2817942-i-segreti-di-roma-storie-luoghi-e-personaggi-di-una-capitale;;;https://i.gr-assets.com/images/S/compressed.photo.goodreads.com/books/1327444434l/2817942._SX98_.jpg;"Dopo ""I segreti di Parigi"", ""I segreti di New York"" e ""I segreti di Londra"", Corrado Augias racconta il volto segreto della nostra capitale e le molte storie che hanno contribuito a renderla immortale. In quindici capitoli emerge il quadro complessivo di una città contraddittoria nella quale ogni sentimento umano ha trovano la scena per la sua rappresentazione. Dalla rozzezza dei suoi primi abitanti capitanati da Romolo alla gloria del Rinascimento, fino alle illusioni di Cinecittà, Augias tratteggia ritratti celebri, ricostruisce delitti famosi, narra retroscena in una cavalcata attraverso la storia della città eterna.";;;History;3.81;05/23/2026;;;;;;;;Sx4;
Idi di marzo;Manfredi, Valerio Massimo;Mondadori;2008-11-04;Copertina rigida;259;;;Italiano;9788804579717;;https://www.amazon.it/dp/8804579714?tag=handylibitaly-21&linkCode=osi&th=1&psc=1;;;https://m.media-amazon.com/images/I/41xYQQ+ZRUL._SL500_.jpg;"Roma, inizi di marzo del 44 avanti Cristo. Caio Giulio Cesare, il pontefice massimo, il dittatore perpetuo, l'invincibile capo militare che ha assoggettato il mondo alla legge romana, è un uomo di cinquantasei anni, solo in apparenza nel pieno della sua prestanza fisica e psichica. In realtà è stanco e malato, una belva fiaccata e rinchiusa nella gabbia dei propri incubi spaventosi. La missione di cui si sente investito - chiudere la sanguinosa stagione delle guerre fratricide, riconciliare le fazioni, salvare il mondo e la civiltà di Roma - vacilla paurosamente sotto i colpi martellanti e subdoli dei complotti di palazzo, orditi da chi vede in lui il tiranno efferato, colpevole, dopo lo strappo del Rubicone, di aver messo per sempre fine alla libertà della repubblica.
Cesare è come paralizzato, incapace di reggere sulle spalle il peso di un potere immenso, e cerca rifugio nella preparazione dell'ennesima campagna bellica, quella contro i Parti: ""Sul campo di battaglia"" è l'unico pensiero che gli dia conforto ""almeno sai esattamente da che parte sta il nemico"". Ma la logica politica della congiura definitiva incalza implacabile e neppure il sacrificio eroico di Publio Sestio, il più fedele legionario di Cesare, compagno di mille battaglie, che si lancia lungo le strade che portano a Roma in una spasmodica corsa contro il tempo per tentare di salvargli la vita, né la cura devota e amorevole della moglie Calpurnia, le attenzioni dell'amante Servilia, del medico Antistio e del luogotenente Silio Salvidieno riusciranno a disinnescarla. I presagi si compiranno, le Idi di marzo deflagreranno e il mondo non sarà più lo stesso.
Valerio Massimo Manfredi dipana con maestria i fili che si aggrovigliano intorno a uno degli snodi cruciali della storia dell'umanità, riportandone alla luce tutta la complessità politica e la profondità psicologica, nonché tutta la potenza drammatica. Sullo sfondo della Roma più bella, mai ricostruita con tanta vivida nitidezza e precisione topografica, alla presenza di coprotagonisti dalla colossale statura storica e tragica - Marco Junio Bruto, Cassio Longino, Marco Antonio, Marco Tullio Cicerone, Cleopatra -, Manfredi ci regala un thriller politico incalzante, un memorabile ritratto di Giulio Cesare e un'attualissima riflessione sul tema del potere e della democrazia.";;;Narrativa storica;3.58;05/23/2026;;;;;;;;Sx4;
Il Boch minore. Dizionario francese-italiano, italiano-francese. Con aggiornamento online;"Boch, Raoul; Salvioni Boch, Carla";Zanichelli;2016-06-01;Copertina flessibile;1488;;;Multilingue;9788808366405;;https://www.amazon.it/dp/8808366405?tag=handylibitaly-21&linkCode=osi&th=1&psc=1;;;https://m.media-amazon.com/images/I/51MudPjP3mL._SL500_.jpg;;;;Textbooks_2021_2;;05/23/2026;;;;;;;;Sx5;
Il faraone delle sabbie (Oscar bestsellers Vol. 987);Manfredi, Valerio Massimo;MONDADORI;2010-10-07;Ebook;390;Oscar bestsellers;987;Italiano;9788804470809;;https://www.amazon.it/dp/B005SZ7PS2?tag=handylibitaly-21&linkCode=osi&th=1&psc=1;;;https://m.media-amazon.com/images/I/51D8Ms0XfsL._SL500_.jpg;"Gerusalemme, assedio babilonese del 586 a. C.: fuggendo attraverso un tunnel, il profeta Geremia porta in salvo l'Arca dell'Alleanza e la nasconde in una cavità del monte Horeb. Ritorna spaventato e sconvolto da una scoperta che sembra avergli cancellato il senno. Poi, scompare nel nulla... Medio Oriente, II millennio d.C.. Il professor William Blake, egittologo di fama mondiale, viene prelevato nel cuore della notte dagli emissari di una compagnia di scavi per esaminare una strana tomba egizia. E mentre lo scontro fra i terroristi palestinesi e il Mossad rischia di far esplodere la polveriera del Medio Oriente, Blake si trova davanti al più misterioso caso della sua vita. La tomba di un faraone nel deserto Paran, migliaia di chilometri lontano dal Nilo. Un'ipotesi sconvolgente che si fa strada nella sua mente, un'ipotesi che potrebbe far crollare i più sottili equilibri del mondo... Thriller magistrale e rompicapo archeologico, ""Il faraone delle sabbie"" inchioda il lettore a un'avventura estrema e misteriosa. Che non conosce, fino all'epilogo, un solo momento di pausa.";;;Narrativa storica;3.50;05/23/2026;;;;;;;;Sx4;
Il Gattopardo;Lampedusa, Giuseppe Tomasi di;Feltrinelli Editore;2013-11-01;Ebook;275;;;Italiano;9788807883828;;https://www.amazon.it/dp/B015EHAR1A?tag=handylibitaly-21&linkCode=osi&th=1&psc=1;;;https://m.media-amazon.com/images/I/41EKkgSWYJL._SL500_.jpg;Siamo in Sicilia, all’epoca del tramonto borbonico: è di scena una famiglia della più alta aristocrazia isolana, colta nel momento rivelatore del trapasso di regime, mentre già incalzano i tempi nuovi (dall’anno dell’impresa dei Mille di Garibaldi la storia si prolunga fino ai primordi del Novecento). Accentrato quasi interamente intorno a un solo personaggio, il principe Fabrizio Salina, il romanzo, lirico e critico insieme, ben poco concede all’intreccio e al romanzesco tanto cari alla narrativa dell’Ottocento. L’immagine della Sicilia che invece ci offre è un’immagine viva, animata da uno spirito alacre e modernissimo, ampiamente consapevole della problematica storica e politica contemporanea.;;;Classici;4.01;05/23/2026;;;;;;;;Sx5;
Il gioco di Ripper;"Allende, Isabel; Liverani, Elena";Feltrinelli;2013-12-04;Copertina flessibile;462;;;Italiano;9788807030727;;https://www.amazon.it/dp/8807030721?tag=handylibitaly-21&linkCode=osi&th=1&psc=1;;;https://m.media-amazon.com/images/I/41DEAOU1HnL._SL500_.jpg;Per Amanda e i suoi amici Ripper era solo un gioco. Ma quando San Francisco è scossa da una serie di misteriosi omicidi, Amanda sembra l’unica in grado di risolvere l’enigma. Le donne della famiglia Jackson, Indiana e Amanda, madre e figlia, sono molto legate pur essendo diverse come il giorno e la notte. Indiana, guaritrice in una clinica olistica, è una donna libera e fiera della propria vita. Sposata e poi separatasi molto giovane dal padre di Amanda, è riluttante a lasciarsi coinvolgere sentimentalmente, che sia con Alan, ricco erede di una delle famiglie dell’alta borghesia di San Francisco, o con Ryan, enigmatico e affascinante ex navy seal, ferito durante la sua ultima missione. Mentre la madre vede soprattutto il lato buono delle persone, Amanda, come suo padre, ispettore capo della Sezione Omicidi della polizia di San Francisco, è affascinata dal lato oscuro della natura umana. Brillante e introversa, appassionata lettrice, dotata di un eccezionale talento per le indagini criminali, si diletta a giocare a Ripper, un gioco online ispirato a Jack the Ripper, Jack lo Squartatore, in cui bisogna risolvere casi misteriosi. Quando la città è scossa da una serie di efferati omicidi, Amanda si butta a capofitto nelle indagini, scoprendo, prima della polizia, che i delitti potrebbero avere un legame fra loro. Ma il caso diventa fin troppo personale quando sparisce Indiana. La scomparsa della madre è collegata al serial killer? Ora la giovane detective si ritrova ad affrontare il mistero più complesso che le sia mai capitato, e deve risolverlo prima che sia troppo tardi.;;;Trade (local);3.35;05/23/2026;;;;;;;;Sx5;
Il mio nome è Emilia del Valle;"Allende, Isabel; Liverani, Elena";Feltrinelli;2025-05-20;Copertina flessibile;320;;;Italiano;9788807036385;;https://www.amazon.it/dp/880703638X?tag=handylibitaly-21&linkCode=osi&th=1&psc=1;;;https://m.media-amazon.com/images/I/417eRjJftJL._SL500_.jpg;Emilia del Valle Walsh nasce a San Francisco nel 1866. Sua madre, Molly Walsh, è una suora irlandese sedotta da un aristocratico cileno. Emilia cresce nel cuore di un umile quartiere messicano, diventando una giovane donna brillante e indipendente che sfida le norme sociali per perseguire la sua passione per la scrittura. Da giovanissima, inizia a scrivere romanzi d’avventura sotto lo pseudonimo di Brandon J. Price, ma la sua carriera decolla quando diventa editorialista al San Francisco Examiner. Emilia convince il suo editore a mandarla in Cile per coprire una guerra civile con interessi economici e politici statunitensi. Così, nel 1891, si ritrova a Santiago, una città sull’orlo del baratro. Ospite della (già nota ai lettori) mitica Paulina del Valle, vive gli scontri in prima linea, s’innamora e riprende contatto con il padre biologico in punto di morte. Emilia dovrebbe tornare a San Francisco, anche per coronare il suo amore, ma decide prima di voler vedere una piccola proprietà terriera, l’unica eredità lasciatale dal padre, nei pressi del lago Pirihueico, in una zona disabitata di inviolata bellezza naturalistica. Una storia di amore e guerra, di scoperta e redenzione, raccontata da una giovane donna coraggiosa che affronta sfide monumentali, sopravvive e si reinventa.;;;Multigenerazionale;3.81;05/23/2026;;;;;;;;Sx5;
Il mio paese inventato;"Allende, Isabel; Gibilisco, Tiziana";Feltrinelli;2003-04-07;Copertina flessibile;192;;;Italiano;9788807490231;;https://www.amazon.it/dp/8807490234?tag=handylibitaly-21&linkCode=osi&th=1&psc=1;;;https://m.media-amazon.com/images/I/415g4URXOmL._SL500_.jpg;"""Da quando attraversai le Ande ho cominciato inconsapevolmente a inventarmi un paese."" Esattamente ventotto anni dopo il colpo di Stato cileno (11 settembre 1973), l'attentato terrorista a New York mette in ginocchio l'America e Isabel Allende sente il bisogno di riflettere sui propri legami con il paese nativo e con quello di adozione.
Il racconto disegna, sul filo di una memoria che aggira i fatti troppo intimi, un paesaggio interiore dove aleggiano gli spiriti dei defunti e dove i ricordi si sovrappongono senza un ordine cronologico. L'autrice evita le date (prima fra tutte quella della sua nascita!) ma fa rivivere le dimore ora scomparse, i paesaggi cancellati dall'edificazione urbana e le persone che hanno segnato la sua vita fino a quando è fuggita alla repressione della dittatura e si è stabilita prima in Venezuela e poi negli Stati Uniti. La nostalgia per il Cile (""La nostalgia è il mio vizio"") è una costante nell'infanzia della protagonista e riemergono, con tratti vivaci ed emozionanti, le figure familiari ""mitiche"" della sua memoria (il nonno, le zie...).
Anche le sue opere fanno parte del racconto, collocate nel contesto esistenziale in cui sono state scritte: quelle ispirate alla fantastica memoria familiare (La casa degli spiriti, Eva Luna), le storie che prendono spunto dalla situazione politica cilena o dall'esperienza venezuelana e poi californiana, il libro sulla figlia Paula, che le permette di superare attraverso la scrittura un dolorosissimo dramma personale.
Accanto al disegno delle sue ""fonti"" letterarie, in cui sono chiamati a testimoniare ammaglianti spiriti, l'autrice compone un affresco del Cile con paesaggi che si imprimono nello sguardo e descrizioni acutissime. La nostalgia per il paese tanto sognato, la freschezza della memoria, l'emozione della scrittura, l'ideale di giustizia sociale, l'ottimismo e l'amore per la vita hanno un impatto vincente sul lettore.";;;Narrativa contemporanea;3.89;05/23/2026;;;;;;;;Sx5;
Il momento è delicato;Ammaniti, Niccolò;Einaudi;2012-04-27;Copertina flessibile;367;;;Italiano;9788806212407;;https://www.amazon.it/dp/8806212400?tag=handylibitaly-21&linkCode=osi&th=1&psc=1;;;https://m.media-amazon.com/images/I/41lJkVx6VUL._SL500_.jpg;"La varietà degli intrecci, la capacità di muoversi tra stili diversi ­ dall'horror alla parodia, dal pulp alla commedia, dal grottesco alla farsa tragica ­ rende questo nuovo libro un vero scrigno di autentici gioielli, dove il divertimento della lettura dissimula una critica feroce della società contemporanea. Ma sia che racconti di un mostro alieno nelle vesti di una seduttiva Alba Parietti, o della paranoica scappatella extraconiugale di un marito in vacanza, o di un ladruncolo di appartamenti alle prese con una casa stregata, Ammaniti sa riscattare, anche nelle situazioni più strambe e iperrealistiche, i suoi personaggi con uno sguardo colmo di ""pietas"": perché, in fondo, ciascuno di loro ha un'anima come la nostra.";;;Narrativa contemporanea;3.25;05/23/2026;;;;;;;;Sx5;
Il nuovo Zingarelli minore. Vocabolario della lingua italiana;Zingarelli, Nicola;Zanichelli;2008-07-01;Copertina flessibile;1504;;;Italiano;9788808119759;;https://www.amazon.it/dp/8808119750?tag=handylibitaly-21&linkCode=osi&th=1&psc=1;;;https://m.media-amazon.com/images/I/51GsX7MgkjL._SL500_.jpg;"""Il nuovo Zingarelli minore"" si propone contemporaneamente come primo e secondo vocabolario. Primo vocabolario per gli allievi della scuola primaria e secondaria, adatto a soddisfare le esigenze di conoscenza della lingua e di arricchimento del lessico, obiettivi fondamentali nello studio dell'Italiano. Secondo vocabolario per chiunque già disponga dello ""Zingarelli maggiore"" e necessiti di un volume facilmente trasportabile e di rapida consultazione. Rispetto alla precedente edizione è cambiato l'aspetto grafico della pagina con l'introduzione del secondo colore, ma soprattutto il vocabolario è stato totalmente rivisto e aggiornato nei contenuti con l'aggiunta di 2000 voci e moltissime nuove accezioni nate con la diffusione del web (Mp3, banner, newsletter, smanettare, phishing, firewall), provenienti dai quotidiani (bipartisan, no global, giustizialismo, delocalizzare, fatwa), dalla divulgazione scientifica (bulimico, clonazione, endogenesi) e anche dal nostro parlare e agire quotidiano (ecosolidale, bypassare, precaricato, tribanda, sushi, gadget). 1504 pagine, 65.000 voci, oltre 900 schede di sfumature di significato, segnalazione dei circa 4500 termini dell'italiano fondamentale, oltre 6000 sinonimi e contrari, 64 tavole illustrate a colori e 200 tavole in bianco e nero con oltre 5200 soggetti, note d'uso, accento; elisione e troncamento; femminile; maiuscola; numero; punto; sillaba e stereotipo, in sigle, abbreviazioni, simboli; proverbi; nomi di persona.";;;Testi di formazione e consultazione;4.33;05/22/2026;;;;;;;;Sx6;
Il piano infinito;"Allende, Isabel; Cicogna, Edda";Feltrinelli;2008-02-11;Copertina flessibile;328;;;Italiano;9788807813313;;https://www.amazon.it/dp/8807813319?tag=handylibitaly-21&linkCode=osi&th=1&psc=1;;;https://m.media-amazon.com/images/I/51oY-DgyZwL._SL500_.jpg;"""Il seguito lo conosci già, perché lo abbiamo vissuto assieme. La sera in cui ci siamo conosciuti mi chiedesti di raccontarti la mia vita. È lunga, ti ho avvertito. Non importa, ho molto tempo, hai detto, senza sapere in che pasticcio ti mettevi con questo piano infinito.""
Il racconto di un'esistenza - ci rammenta Isabel Allende - esige tempo e passione: questo lo spirito del romanzo. Mentre la figura del gringo Gregory Reeves si staglia contro il vasto cielo della sua avventura umana, le vicende si intrecciano ai luoghi, i luoghi alla storia del mondo: il teatro umano di Isabel Allende s'arricchisce di sapori nuovi, di una profonda tensione epica che incatena il lettore. Il Piano infinito è un romanzo che riesce a parlare al cuore a essere intimo e seduttivo, senza trascurare temi come l'emarginazione sociale e il razzismo, il contrasto tra opulenza e miseria, le contraddizioni che hanno segnato la trasformazione della famiglia, l'urgenza dell'assoluto.";;;Narrativa contemporanea;3.78;05/23/2026;;;;;;;;Sx6;
Il quaderno di Maya;"Allende, Isabel; Liverani, Elena";Feltrinelli;2011-06-07;Copertina flessibile;398;;;Italiano;9788807018688;;https://www.amazon.it/dp/8807018683?tag=handylibitaly-21&linkCode=osi&th=1&psc=1;;;https://m.media-amazon.com/images/I/51Jif9PJL7L._SL500_.jpg;Maya Vidal, l'adolescente protagonista del nuovo romanzo di Isabel Allende, caduta nel circuito dell'alcol e della droga riesce a riemergere dai bassifondi di Las Vegas e in fuga da spacciatori e agenti dell'F.B.I. approda nell'incontaminato arcipelago di Chilo, nel sud del Cile. Amori difficili, frammenti di storia cilena ancora carichi di sofferenza, famiglie disgregate, disagio giovanile, marginalità e degrado trovano come contraltare il valore delle tradizioni locali, il rispetto per l'ambiente e un modello di vita comunitaria nell'affermazione del valore della diversità e del rispetto reciproco. Isabel Allende torna a raccontare la vita di una grande donna, la storia di Maya, in un romanzo che affronta con grande delicatezza le relazioni umane: le amicizie incondizionate, le storie d'amore palpabili come quelle più invisibili, gli amori adolescenziali e quelli lunghi una vita;;;Narrativa contemporanea;3.89;05/23/2026;;;;;;;;Sx5;
Il Ragazzini-Biagi Concise. Dizionario inglese-italiano italian-english dictionary (Italian Edition);Staff, Zanichelli;;;Copertina flessibile;;;;;9788808127679;;https://www.goodreads.com/book/show/40936378-il-ragazzini-biagi-concise-dizionario-inglese-italiano-italian-english;;;https://s.gr-assets.com/assets/nophoto/book/111x148-675b3b2743c83e96e2540d2929d5f4d2.png;;;;;0;05/22/2026;;;;;;;;Sx6;
Il regno del Drago d'oro;"Allende, Isabel; Liverani, Elena";Feltrinelli;2003-10-13;Copertina rigida;254;Las memorias del Águila y del Jaguar;;Italiano;9788807420993;;https://www.amazon.it/dp/8807420996?tag=handylibitaly-21&linkCode=osi&th=1&psc=1;;;https://m.media-amazon.com/images/I/41ymXf8+I0L._SL500_.jpg;"Un piccolo e paradisiaco paese, il Regno Proibito, incastonato tra le montagne dell'Himalaya, che vive in uno splendido e pacifico isolamento da milleottocento anni; un monaco buddista che si sta occupando della formazione spirituale del giovane erede al trono; un prezioso oracolo in grado di predire il futuro in una lingua sconosciuta, quella anticamente usata dagli yeti. Questi sono gli ingredienti della nuova avventura che vede protagonisti Nadia e Alexander, questa volta alle prese con una pericolosa setta di sanguinari banditi indiani assoldata da un'organizzazione criminale internazionale per trafugare la preziosa statua dai poteri divinatori e per rapire il re che sa come interpellarla. Calati in una realtà completamente diversa da quella della loro cultura d'origine e da quella della selva amazzonica che avevano imparato a conoscere ne La città delle Bestie, i due piccoli eroi si misurano ora con la spiritualità orientale e con una natura affascinante e dirompente che viene miracolosamente preservata dalla saggezza di un popolo, attento interprete dei dettami buddisti che invitano al rispetto dell'ambiente e dell'altro. L'avidità occidentale – che in questa occasione si cela dietro l'insospettabile figura di un'affascinante esperta di tulipani – irrompe a turbare la quiete e Nadia e Alexander, coraggiosi, generosi e intrepidi, si troveranno coinvolti in un'avventura avvincente e dai risvolti emozionanti quanto imprevedibili, in cui saranno chiamati a combattere insieme a un lama, al giovane principe e agli yeti. Tra i picchi innevati, Nadia e Alexander verranno a conoscere i fondamenti della medicina orientale, delle arti marziali, del buddismo e, grazie al loro cuore semplice e curioso, entreranno rispettosamente in contatto con una cultura esemplare che arricchirà ulteriormente il loro innato desiderio di conoscere e comprendere ciò che è nuovo e diverso.";;;Narrativa contemporanea;3.89;05/23/2026;;;;;;;;Sx5;
Il tempo di Blanca;"Serrano, Marcela; Geroldi, Simona";Feltrinelli;1998-08-31;Copertina flessibile;224;;;Italiano;9788807015397;;https://www.amazon.it/dp/8807015390?tag=handylibitaly-21&linkCode=osi&th=1&psc=1;;;https://m.media-amazon.com/images/I/41fVrmv6IZL._SL500_.jpg;Blanca, madre e moglie appagata, conduce un'esistenza ovattata e fuori della realtà nella Santiago del Cile del dopo dittatura. All'improvviso alcuni eventi dirompenti vengono a sconvolgere la linearità della sua vita: l'incontro con persone di un diverso ceto sociale, l'amore per un ex perseguitato politico, la scoperta dell'ipocrisia e della vacuità del mondo cui appartiene. Un terremoto esistenziale, un bivio obbligato: è il momento delle scelte. Blanca vorrebbe gridare, vorrebbe dirlo che non ci sta più, ma un'improvvisa, quasi metaforica malattia la rende incapace di comunicare. Perde la parola proprio quando una nuova coscienza del mondo le chiede di parlare. La prigione del silenzio diventa tuttavia la premessa di una rinascita, di un'altra storia, di un'altra verità. Dopo un primo istante di smarrimento e disperazione, Blanca sceglie la vita e inventa un nuovo linguaggio, quello degli occhi, con i quali racconta la propria storia, i ricordi, i sentimenti e i rimpianti.;;;Narrativa contemporanea;3.88;05/23/2026;;;;;;;;Sx5;
Il vento conosce il mio nome;"Allende, Isabel; Liverani, Elena";Feltrinelli;2023-09-12;Copertina flessibile;320;;;Italiano;9788807035753;;https://www.amazon.it/dp/8807035758?tag=handylibitaly-21&linkCode=osi&th=1&psc=1;;;https://m.media-amazon.com/images/I/41Pe9jHNqvL._SL500_.jpg;"Vienna, 1938. Samuel Adler è un bambino ebreo di sei anni il cui padre scompare durante la Notte dei cristalli, quando la sua famiglia perde tutto. La madre, per salvarlo, lo mette su un treno che lo porterà dall’Austria all’Inghilterra. Per Samuel inizia così una nuova fase della sua lunga vita, sempre accompagnato dal suo fedele violino e dal peso dell’incertezza e della solitudine.

Arizona, 2019. Anita Díaz, sette anni, sale su un altro treno con sua madre per sfuggire a un pericolo imminente nel Salvador e cercare rifugio negli Stati Uniti. Ma il loro arrivo coincide con la nuova politica di separazione famigliare, e Anita si ritrova sola e spaventata in un centro di accoglienza a Nogales. Lontana dai suoi affetti e senza certezze, si rifugia su Azabahar, una magica stella che esiste solo nella sua immaginazione. Nel frattempo Selena Durán, una giovane assistente sociale, chiede aiuto a un avvocato di successo nella speranza di rintracciare la madre di Anita.

Intrecciando passato e presente, Il vento conosce il mio nome racconta la storia di due personaggi indimenticabili, entrambi alla ricerca di una famiglia. È una testimonianza delle scelte estreme a cui i genitori sono costretti, una lettera d’amore ai bambini che sopravvivono ai traumi più devastanti senza mai smettere di sognare.

Dall’autrice del bestseller Violeta, un nuovo romanzo indimenticabile in cui passato e presente si intrecciano: la fuga dalla tragedia del nazismo in Austria e quella dalla violenza nel Salvador, tra amore, sradicamento e speranza.";;;Narrativa letteraria;4.01;05/23/2026;;;;;;;;Sx5;
Iliade. Testo greco a fronte;", Homer; Codino, Fausto; Onesti, Rosa Calzecchi";Einaudi;2014-01-27;Copertina flessibile;960;;;Italiano;9788806219109;;https://www.amazon.it/dp/8806219103?tag=handylibitaly-21&linkCode=osi&th=1&psc=1;;;https://m.media-amazon.com/images/I/41u7xmS47sL._SL500_.jpg;Cinquantun giorni della guerra degli Achei contro Troia (Ilio, da cui il titolo): dall'ira di Achille, l'eroe invincibile, o quasi, dell'esercito acheo contro il capo della spedizione Agamennone, reo di avergli sottratto la schiava Briseide, al funerale di Ettore, l'eroe troppo umano dell'esercito troiano sconfitto dall'astuzia di Ulisse. Il capolavoro assoluto del genere epico, la nascita e il momento fondante dell'intera tradizione letteraria dell'Occidente.;;;Classici;3.93;05/22/2026;;;;;;;;Sx6;
In cerca di Alice;"Moriarty, Liane; Sperti, Silvia Rota";Feltrinelli;2012-10-10;Copertina flessibile;400;;;Italiano;9788807019227;;https://www.amazon.it/dp/8807019221?tag=handylibitaly-21&linkCode=osi&th=1&psc=1;;;https://m.media-amazon.com/images/I/41kCBOD4zML._SL500_.jpg;"Alice adora mangiare cioccolata e dormire fino a tardi la domenica mattina. Ha ventinove anni, un marito e un figlio in arrivo. Ed è sfacciatamente felice, pur avendo le stesse preoccupazioni di tutti.
Per lei l’amore ha il profumo di lavanda, la pianta che ha fatto crescere davanti a casa. La felicità è la risata gorgogliante di un bambino, oppure è galleggiare tra le onde a braccia aperte, sentendo il sole sulla faccia. La vita è semplice e meravigliosa, per Alice. C’è solo un problema: tutto ciò è successo dieci anni fa.
Alice è inciampata durante una lezione di aerobica, è caduta e ha battuto la testa. Un incidente di nessun conto se non fosse che, quando ha ripreso conoscenza dopo pochi minuti, ha scoperto di essersi dimenticata in un lampo di un’intera fase della sua esistenza.
In realtà, ha trentanove anni. Ha mille impegni ed è fissata con la linea e l’organizzazione, lei che non aveva mai posseduto neppure un’agenda. Ovviamente non è più incinta, e chi diavolo sono quei tre mini-marziani che la chiamano mamma? È fredda e distaccata, sua sorella non le rivolge quasi più la parola e, quel che è peggio, sta per divorziare.
Cosa è successo? Ora che Alice ha l’occasione di vedersi sotto una nuova luce, non si piace più. Come fare per ritrovare la ragazza spensierata di un tempo? Man mano che i ricordi emergono dal passato come bolle di sapone colorate, salterà fuori che dimenticare è la cosa più memorabile che sia mai successa ad Alice. E che forse, ogni tanto, per rimetterci in carreggiata e riscoprire ciò che di bello abbiamo perso per strada, abbiamo tutti bisogno di una piccola botta in testa…";;;Narrativa contemporanea;4.07;05/23/2026;;;;;;;;Sx5;
Io sono leggenda;"Matheson, Richard; Fefè, Simona";Fanucci;2017-07-24;Copertina flessibile;188;;;Italiano;9788834733776;;https://www.amazon.it/dp/8834733770?tag=handylibitaly-21&linkCode=osi&th=1&psc=1;;;https://m.media-amazon.com/images/I/41IFio39ymL._SL500_.jpg;Robert Neville torna a casa dopo una giornata di duro lavoro. Cucina, pulisce, ascolta un disco, si siede in poltrona e legge un libro. Eppure la sua non è una vita normale. Soprattutto dopo il tramonto. Perché Neville è l'ultimo uomo sulla Terra. L'ultimo umano sopravvissuto, in un mondo completamente popolato da vampiri. Nella solitudine che lo circonda, Robert esegue la sua missione, studia il fenomeno e le superstizioni che lo circondano, cerca nuove strade per lo sterminio delle creature delle tenebre. Durante la notte se ne sta rintanato nella sua roccaforte, assediato dai morti viventi avidi del suo sangue. Ma con il sorgere del sole è lui a dominare un gioco crudele e di meccanica ferocia, scandito dalle luci e dalle ombre di un tempo sempre uguale a sé stesso che impone la ripetizione di un rituale sanguinario. In questo mondo, Neville, con la sua unicità, si è già trasformato in leggenda.;;;Narrativa di genere;4.05;05/22/2026;;;;;;;;Sx6;
Kitchen;"Yoshimoto, Banana; Amitrano, Giorgio";Feltrinelli;2008-09-15;Copertina flessibile;150;;;Italiano;9788807812439;;https://www.amazon.it/dp/8807812436?tag=handylibitaly-21&linkCode=osi&th=1&psc=1;;;https://m.media-amazon.com/images/I/51KHvF4QYcL._SL500_.jpg;"""Non c'è posto al mondo che non ami di più della cucina..."" Così comincia il romanzo di Banana Yoshimoto, Kitchen publbicato con grande successo in Italia in prima traduzione mondiale da Feltrinelli (1991).
È un romanzo sulla solitudine giovanile. Le cucine, nuovissime e luccicanti o vecchie e vissute, che riempiono i sogni della protagonista Mikage, rimasta sola al mondo dopo la morte della nonna, rappresentano il calore di una famiglia sempre desiderata. Ma la grande trovata di Banana è che la famiglia si possa, non solo scegliere, ma inventare. 
Così il padre del giovane amico della protagonista Yūichi può diventare o rivelarsi madre e Mikage può eleggerli come propria famiglia, in un crescendo tragicomico di ambiguità.
Con questo romanzo, e il breve racconto che lo chiude, Banana Yoshimoto si è imposta all'attenzione del pubblico italiano mostrando un'immagine del Giappone completamente sconosciuta agli occidentali, con un linguaggio assai fresco e originale che vuole essere una rielaborazione letteraria dello stile dei fumetti manga.";;;Narrativa contemporanea;3.89;05/23/2026;;;;;;;;Sx6;
L'albergo delle donne tristi;"Serrano, Marcela; Geroldi, Simona";Feltrinelli;2008-09-15;Copertina flessibile;280;;;Italiano;9788807816512;;https://www.amazon.it/dp/8807816512?tag=handylibitaly-21&linkCode=osi&th=1&psc=1;;;https://m.media-amazon.com/images/I/515VwXkVLuL._SL500_.jpg;Un grande romanzo dedicato alle ombre dell'anima femminile. Una storia che si apre alla luce della confidenza, della complicità, della parola condivisa. Su un'isoletta dell'arcipelago di Chloé, nel Sud del Cile, sorge un insolito Albergo per donne in cerca di conforto. È gestito da Elena, che ha lavorato per la Resistenza, è psichiatra e ha finalmente raggiunto una profonda tranquillità interiore. Da lei si rifugia una clientela di sole donne, talora famose, accomunate dalla tristezza, segnate dalle cicatrici del disamore. Possono soggiornare per tre mesi all'Albergo, che si staglia spettrale sullo sfondo di un promontorio affacciato sul mare, ai confini del mondo. Qui le clienti conoscono persone ugualmente vulnerabili, cui confidano i propri sogni irrealizzati, gli affetti ormai estranei, gli amori autolesionistici. Qui si intrecciano le storie comuni di tante donne. Qui sbarca anche Floreana che, complice la bellezza quasi primordiale del paesaggio, tenta di liberarsi del proprio passato, di risvegliarsi alle emozioni e alla vita, di riacquistare fiducia in sé. Ricompone i frammenti della propria esistenza e comincia a capire dove si trovano la sua vera patria e le sue radici.;;;Narrativa contemporanea;3.61;05/23/2026;;;;;;;;Sx6;
L'amante;"Duras, Marguerite; Caruso, Leonella Prato";Feltrinelli;2008-06-16;Copertina flessibile;128;The Lover;;Italiano;9788807810312;;https://www.amazon.it/dp/880781031X?tag=handylibitaly-21&linkCode=osi&th=1&psc=1;;;https://m.media-amazon.com/images/I/41cgTvKkI+L._SL500_.jpg;La storia d'amore di una francese quindicenne con un giovane miliardario cinese, sullo sfondo di un ritratto di famiglia, nell'Indocina degli anni trenta. Racconto-rivelazione di lucidità struggente, di terribile e dolce bellezza. L'amante trasfigura e risolve integralmente in una scrittura spoglia, e prodigiosamente intensa, il complice gioco che la memoria e l'oblio ricalcano sulla trama della vita.;;;Narrativa contemporanea;3.70;05/23/2026;;;;;;;;Sx6;
L'amante giapponese;"Allende, Isabel; Liverani, Elena";Feltrinelli;2015-10-15;Copertina flessibile;288;;;Italiano;9788807031601;;https://www.amazon.it/dp/8807031604?tag=handylibitaly-21&linkCode=osi&th=1&psc=1;;;https://m.media-amazon.com/images/I/51LMOMCLEcL._SL500_.jpg;L'epica storia d'amore tra la giovane Alma Belasco e il giardiniere giapponese Ichimei: una vicenda che trascende il tempo e che spazia dalla Polonia della Seconda guerra mondiale alla San Francisco dei nostri giorni.;;;Narrativa contemporanea;3.89;05/23/2026;;;;;;;;Sx5;
L'amico ritrovato;"Uhlman, Fred; Koestler, Arthur; Castagnone, Mariagiulia; Guerri, Cristiano";Feltrinelli;2012-12-27;Copertina flessibile;96;Reunion;;Italiano;9788807880735;;https://www.amazon.it/dp/8807880733?tag=handylibitaly-21&linkCode=osi&th=1&psc=1;;;https://m.media-amazon.com/images/I/41gfh6C6fTL._SL500_.jpg;"Germania, 1933. Due sedicenni frequentano la stessa scuola esclusiva. Uno è figlio di un medico ebreo, l'altro è di ricca famiglia aristocratica. Tra loro nasce un'amicizia del cuore, un'intesa perfetta e magica. Riuscirà a non essere spezzata dalla Storia? Racconto di straordinaria finezza e suggestione, «L'amico ritrovato» è apparso nel 1971 negli Stati Uniti ed è poi stato pubblicato in tutto il mondo con unanime, travolgente successo di pubblico e critica. «Un'opera letteraria rara», lo ha definito George Steiner sul ""New Yorker"". «Un capolavoro», ha scritto Arthur Koestler nell'introduzione all'edizione inglese del 1976. «Un libro che assilla la memoria... una gemma», «Un racconto magistrale», hanno fatto eco ""The Sunday Express"" e ""The Financial Times"" di Londra. E infine ""Le Monde"" di Parigi: «Uno dei testi più densi e più puri sugli anni del nazismo in Germania... Tra i romanzi più belli che si possano raccomandare ai lettori, dai dodici anni in su. Senza esitazione».";;;Classici;4.04;05/23/2026;;;;;;;;Sx6;
L'angelo tacque;Böll, Heinrich;Einaudi;;Copertina flessibile;173;;;ita;9788806131340;;https://www.goodreads.com/book/show/25437759-l-angelo-tacque;;;https://i.gr-assets.com/images/S/compressed.photo.goodreads.com/books/1431118034l/25437759._SX98_.jpg;Germania 1945. Un amore da reduci fra le macerie del mondo e dell'anima.;;;Fiction;3.66;05/22/2026;;;;;;;;Sx6;
L'anno che a Roma fu due volte Natale.;"Jian, Ma; Bagnoli, Katia";Feltrinelli;;Copertina flessibile;633;;;Italiano;9788807896491;;https://www.amazon.it/dp/8807896494?tag=handylibitaly-21&linkCode=osi&th=1&psc=1;;;https://m.media-amazon.com/images/I/51f9CyvaYTL._SL500_.jpg;"Dai Wei, in coma da dieci anni, è doppiamente prigioniero. Il 4 giugno 1989 è stato colpito alla testa da un proiettile durante la rivolta di piazza Tienanmen. Da allora ""vive"" su un letto di ferro: prigioniero del proprio corpo, prigioniero della polizia, che aspetta il suo risveglio per arrestarlo. Tutto ciò che rimane a Dai Wei per non perdere il contatto con il mondo è la sua acutissima sensibilità per le piccole cose che gli succedono intorno e una dolorosa e poetica capacità di dialogare con il proprio corpo. Mentre Dai Wei giace, immobile nel cambiamento, assistito dalla madre, la capitale della Cina cambia e lui ripercorre i giorni della rivolta studentesca - ma anche il decennio della Rivoluzione culturale - attraverso i ricordi: le mobilitazioni degli universitari di Beijing e le interminabili discussioni politiche, gli slogan gridati e i sentimenti sussurrati con riserbo. E intanto, forse, si risveglia a un nuovo inizio, mentre l'isolato dove si trova la piccola casa in cui abita viene abbattuto, con la vecchia Cina che muore, per far posto a uno stadio, il Nido, per le Olimpiadi del 2008.";;;Categorie;3.88;05/23/2026;;;;;;;;Sx6;
L'armata perduta (Oscar grandi bestsellers);Manfredi, Valerio Massimo;MONDADORI;2010-01-26;Ebook;446;;;Italiano;9788804581215;;https://www.amazon.it/dp/B005SZ7YVA?tag=handylibitaly-21&linkCode=osi&th=1&psc=1;;;https://m.media-amazon.com/images/I/518NH-jrsRL._SL500_.jpg;Una delle più epiche avventure dell'età antica: la lunghissima marcia, attraverso incredibili pericoli e peripezie, che diecimila mercenari greci dopo la disfatta del principe persiano Ciro, sotto le cui insegne si erano battuti, contro il fratello Artaserse alle porte di Babilonia - compiono per tornare in patria. È l'impresa gloriosa e tragica documentata nel IV secolo a.C. da Senofonte nell'Anabasi, che proprio Valerio Massimo Manfredi ha studiato e tradotto negli anni '80. Ma in questo romanzo le atrocità della guerra e l'eroismo di ogni soldato, il fasto e le crudeli bizzarrie della corte persiana, le insidie di una natura selvaggia e le amicizie più indissolubili sono narrate in una prospettiva completamente inedita: dalla voce di una donna, la bellissima siriana Abira, che per amore di Xenos lascia ogni cosa e condivide il destino dei Diecimila. Attraverso gli occhi di Abira, le donne diventano le protagoniste della grande Storia.;;;Narrativa storica;3.89;05/23/2026;;;;;;;;Sx4;
L'arte della guerra;"Tzu, Sun; Conti, Mauro";Feltrinelli;2013-06-05;Copertina flessibile;96;;;Italiano;9788807900525;;https://www.amazon.it/dp/8807900521?tag=handylibitaly-21&linkCode=osi&th=1&psc=1;;;https://m.media-amazon.com/images/I/41uzNgqVFtL._SL500_.jpg;"Composto in Cina diversi secoli prima della nascita di Cristo, l'Arte della guerra è uno dei più antichi trattati di strategia militare; il suo autore è noto col nome di Sun Tzu, ma si tratta in realtà di più filosofi che hanno rielaborato un testo frutto probabilmente di un'unica mano.
Il contenuto di quest'opera ha influenzato ampiamente nei secoli la filosofia orientale, ma non solo, tanto che essa viene utilizzata nelle scuole di management in tutto il mondo. Perché Sun Tzu non si limita a dare precetti per sconfiggere i nemici sul campo di battaglia, ma ci insegna a gestire i conflitti in modo profondo e non distruttivo: anche nella nostra vita quotidiana, infatti, la miglior battaglia è quella che vinciamo senza combattere.";;;Narrativa di genere;3.94;05/23/2026;;;;;;;;Sx6;
L'educazione;"Westover, Tara; Sperti, Silvia Rota";Feltrinelli;2020-01-16;Copertina flessibile;384;;;Italiano;9788807892394;;https://www.amazon.it/dp/8807892391?tag=handylibitaly-21&linkCode=osi&th=1&psc=1;;;https://m.media-amazon.com/images/I/41s1endI04L._SL500_.jpg;Tara, la sorella Audrey e i fratelli Luke e Richard sono nati in una singolare famiglia mormona delle montagne dell’Idaho. Non sono stati registrati all’anagrafe, non sono mai andati a scuola, non sono mai stati visitati da un dottore. Sono cresciuti senza libri, senza sapere cosa succede nel mondo o cosa sia il passato. Fino a diciassette anni Tara non aveva idea di cosa fosse l’Olocausto o l’attacco alle Torri gemelle. Con la sua famiglia si preparava alla sicura fine del mondo, accumulando lattine di pesche sciroppate e dormendo con uno zaino d’emergenza sempre a portata di mano. Il clima in casa era spesso pesante. Il padre è un uomo dostoevskiano, carismatico quanto folle e incosciente, fino a diventare pericoloso. Poi Tara fa una scoperta: l’educazione. La possibilità di emanciparsi, di vivere una vita diversa, di diventare una persona diversa. Una rivelazione. Tara Westover crea una storia universale di formazione che mira al cuore di ciò che l’educazione ha da offrire: la prospettiva di vedere la propria vita con occhi nuovi e la volontà di cambiarla.;;;Chiese e denominazioni cristiane;4.46;05/23/2026;;;;;;;;Sx6;
L'isola sotto il mare;"Allende, Isabel; Liverani, Elena";Feltrinelli;2009-06-12;Copertina flessibile;426;;;Italiano;9788807017957;;https://www.amazon.it/dp/8807017954?tag=handylibitaly-21&linkCode=osi&th=1&psc=1;;;https://m.media-amazon.com/images/I/317G8CwA98L._SL500_.jpg;"‟Nei miei primi quarant’anni io, Zarité Sedella, ho avuto maggior fortuna di altre schiave. Vivrò a lungo e la mia vecchiaia sarà gioiosa, perché la mia stella – la mia z’étoile – brilla anche quando la notte è nuvolosa.” La storia di una donna che lotta per emanciparsi dalla sua condizione di schiava nella Haiti della fine del '700. Un’eroina il cui destino è scolpito dalla passione.

1770, Santo Domingo, ora Haiti. Tété ha nove anni quando il giovane francese Toulouse Valmorain la compra perché si occupi delle faccende di casa. Intorno, i campi di canna da zucchero, la calura sfibrante dell’isola, il lavoro degli schiavi. Tété impara presto com’è fatto quel mondo: la violenza dei padroni, l’ansia di libertà, i vincoli preziosi della solidarietà. Quando Valmorain si sposta nelle piantagioni della Louisiana, anche Tété deve seguirlo, ma ormai è cominciata la battaglia per la dignità, per il futuro, per l’affrancamento degli schiavi. È una battaglia lenta che si mescola al destarsi di amori e passioni, all’annodarsi di relazioni e alleanze, al muoversi febbrile dei personaggi più diversi – soldati e schiavi guerrieri, sacerdoti vudù e frati cattolici, matrone e cocottes, pirati e nobili decaduti, medici e oziosi bellimbusti. Contro il fondale animatissimo della Storia, Zarité Sedella, soprannominata Tété, spicca bella e coraggiosa, battagliera e consapevole, un’eroina modernissima che arriva da lontano a rammentarci la fede nella libertà e la dignità delle passioni.";;;Narrativa contemporanea;4.12;05/23/2026;;;;;;;;Sx5;
L'ultima legione (Oscar bestsellers Vol. 1367);Manfredi, Valerio Massimo;MONDADORI;2010-10-07;Ebook;484;Oscar bestsellers;1,367;Italiano;9788804521181;;https://www.amazon.it/dp/B005SZ5426?tag=handylibitaly-21&linkCode=osi&th=1&psc=1;;;https://m.media-amazon.com/images/I/51683L-hhJL._SL500_.jpg;"Anno Domini 476. Il re barbaro Odoacre depone l'ultimo imperatore romano, il tredicenne Romolo Augustolo, confinandolo a Capri. Il sipario cala definitivamente sulla civiltà di Roma. Ma non tutto è perduto. Un pugno di legionari sembra risorgere dal campo di battaglia: Rufio Elio Vatreno, veterano di infinite battaglie, Cornelio Batiato, gigante etiope dalla forza smisurata, e il comandante Aurelio, il più leale e coraggioso. Insieme a Livia Prisca, formidabile guerriera, sono decisi a tutto pur di liberare Romolo Augustolo e il suo precettore Meridius Ambrosinus. Una volta riusciti nella loro impresa, ha inizio una caccia all'uomo senza esclusione di colpi, una lotta disperata in cui l'intelligenza, le astuzie, il coraggio di quattro soldati proteggeranno e guideranno l'ultimo Cesare; una fuga a perdifiato attraverso un'Italia e un'Europa devastate e drammaticamente affascinanti, fino all'ultimo approdo, fino all'ultima resa dei conti in un luogo desolato agli estremi confini del mondo. Dove, dalle ceneri di un mondo che si era creduto immortale, sorge un nuovo mito, destinato a varcare i millenni.";;;Narrativa storica;3.82;05/23/2026;;;;;;;;Sx4;
LA CASA DEGLI SPIRITI.;"Allende, Isabel; Morino, Angelo; Castri, Sonia Piloto di";Feltrinelli;1989-01-01;Copertina flessibile;364;Trilogía Involuntaria;;Italiano;9788807810008;;https://www.amazon.it/dp/B005AZ38R2?tag=handylibitaly-21&linkCode=osi&th=1&psc=1;;;https://m.media-amazon.com/images/I/51exKaGi6yL._SL500_.jpg;Una saga familiare del nostro secolo in cui si rispecchiano la storia e il destino di tutto un popolo. Un grande affresco che per fascino ed emozione può ricordare al lettore, nell’ambito della narrativa sudamericana, soltanto Cent’anni di solitudine di García Márquez.;;;Testi di formazione e consultazione;4.30;05/23/2026;;;;;;;;Sx6;
La casa Russia;"Carré, John le; Paolini, Pier Francesco";Feltrinelli;1998-02-02;Copertina flessibile;420;;;Italiano;9788807814648;;https://www.amazon.it/dp/8807814641?tag=handylibitaly-21&linkCode=osi&th=1&psc=1;;;https://m.media-amazon.com/images/I/51uzSqiCNcL._SL500_.jpg;"John le Carré has earned worldwide acclaim with extraordinary spy novels, including The Russia House, an unequivocal classic. Navigating readers through the shadow worlds of international espionage with critical knowledge culled from his years in British Intelligence, le Carré tracks the dark and devastating trail of a document that could profoundly alter the course of world events.

In Moscow, a sheaf of military secrets changes hands. If it arrives at its destination, and if its import is understood, the consequences could be cataclysmic. Along the way it has an explosive impact on the lives of three people: a Soviet physicist burdened with secrets; a beautiful young Russian woman to whom the papers are entrusted; and Barley Blair, a bewildered English publisher pressed into service by British Intelligence to ferret out the document's source. A magnificent story of love, betrayal, and courage, The Russia House catches history in the act. For as the Iron Curtain begins to rust and crumble, Blair is left to sound a battle cry that may fall on deaf ears.

";;;Narrativa di genere;3.91;05/23/2026;;;;;;;;Sx6;
La città delle bestie;"Allende, Isabel; Liverani, Elena";Feltrinelli;2005-10-17;Copertina flessibile;248;Las memorias del Águila y del Jaguar;;Italiano;9788807420955;;https://www.amazon.it/dp/8807420953?tag=handylibitaly-21&linkCode=osi&th=1&psc=1;;;https://m.media-amazon.com/images/I/51yA3G5ZhVL._SL500_.jpg;"Alex ha quindici anni. La malattia della madre lo costringe a lasciare la sua tranquilla cittadina californiana per seguire l'eccentrica nonna Kate, reporter di professione, in una spedizione nel cuore dell'Amazzonia finanziata dalla prestigiosa rivista ""International Geographic"". Bisogna cercare una Bestia mostruosa e gigantesca che, con il suo odore, paralizza chi la incontra. Alex si trova così ad affrontare eventi e situazioni eccezionali: dalle banali punture degli insetti, all'incontro con animali feroci e creature magnetiche come il giaguaro (con cui Alex subito si identifica). Nel gruppo della spedizione c'è anche Nadia, la figlia tredicenne della guida. La madre è inglese ma lei è nata nella foresta e si muove in perfetta armonia nella natura selvaggia. Sa tante cose e Alex con lei si sente più sicuro. I due ragazzi sono inseparabili e le loro avventure diventano incalzanti: incontrano spiriti e sciamani, scoprono che alcuni membri della spedizione vogliono sterminare gli indios, cadono in balia del Popolo della Nebbia, assumono strani poteri e sensibilità... Lei diventa Aquila, lui Giaguaro. Riescono a scoprire il mistero della Bestia e a salvare gli indigeni, ma anche a conoscersi meglio. L'atmosfera mescola la percezione magica alla sceneggiatura naturalistica: il fiume, la foresta, la montagna fanno parte di una geografia esatta e insieme straordinaria. La loro esperienza è meravigliosa ma al tempo stesso reale e riflette il cammino interiore di un essere umano. Alex è davvero un ragazzo qualunque e il lettore può provare un fortissimo senso di identificazione. La sua avventura contiene un denso nucleo etico: la lotta contro il male non è solo contro chi vuole distruggere l'Amazzonia. È anche contro una percezione di sé limitata ed egoistica che alimenta debolezze, timori e insicurezze.";;;Narrativa contemporanea;3.74;05/23/2026;;;;;;;;Sx5;
La figlia della fortuna;"Allende, Isabel; Liverani, Elena";Feltrinelli;2000-05-29;Copertina flessibile;336;Trilogía Involuntaria;;Italiano;9788807015625;;https://www.amazon.it/dp/8807015625?tag=handylibitaly-21&linkCode=osi&th=1&psc=1;;;https://m.media-amazon.com/images/I/41v2Opc3-GL._SL500_.jpg;Cile, 1832: Eliza viene abbandonata ancora neonata sulla soglia di casa dei fratelli inglesi Jeremy, John e Rose Sommers, che si sono trasferiti a Valparaíso. L'eccentrica Rose insiste perché la piccola cilena venga adottata ed entri a far parte della famiglia. Eliza vive tra due mondi: le viene impartita un'educazione rigidamente anglosassone, nella speranza di un futuro sereno coronato da un buon matrimonio, e al contempo le vengono fatte conoscere dalla cuoca di casa, Mama Freisa, la vitalità, la magia e la carnalità del suo popolo. Si innamora perdutamente di un giovane idealista che lavora per Jeremy, Joaquín Andieta, il quale nel 1848, alla notizia che in California sono stati scoperti favolosi giacimenti d'oro, decide di salpare in cerca di fortuna. Eliza si mette sulle sue tracce e, assieme al medico cinese Tao Chi'en, si imbarca alla volta di San Francisco. Passa così da un'America all'altra, dove andrà alla ricerca dell'amato, tra dolore, sofferenza, speranza, fra avventurieri e banditi assetati di giustizia, sfidando sogni e sentimenti. La figlia della fortuna è la storia di molte passioni, amorose e politiche, per la terra, il mare, l'oro, per la libertà e la gioia d'esistere.;;;Narrativa contemporanea;3.95;05/23/2026;;;;;;;;Sx5;
La foresta dei pigmei;"Allende, Isabel; Liverani, Elena";Feltrinelli;2005-01-31;Copertina flessibile;189;Las memorias del Águila y del Jaguar;;Italiano;9788807421037;;https://www.amazon.it/dp/8807421038?tag=handylibitaly-21&linkCode=osi&th=1&psc=1;;;https://m.media-amazon.com/images/I/519eF97-zqL._SL500_.jpg;"Terza e ultima puntata delle ‟Avventure dell'Aquila e del Giaguaro”. Dopo aver attraversato le selve amazzoniche, le cime dell'Himalaya e affrontato mille prove, Nadia e Alexander si trovano ora nel cuore dell'Africa nera per salvare il popolo dei pigmei dalla schiavitù.

Kate Cold, i suoi amici fotografi, il nipote Alex e l'inseparabile amica Nadia ricevono dal ‟National Geographic” l'incarico di preparare un reportage sui safari che si svolgono a dorso d'elefante. Si recano dunque nel cuore dell'Africa per una settimana di vacanza a diretto contatto con la natura selvaggia e traboccante. A Nairobi Alex e Nadia incontrano un'indovina che li avverte di un pericolo imminente: saranno costretti ad affrontare un mostro a tre teste, e solo se resteranno uniti riusciranno ad avere la meglio. Quando ormai la settimana ricca di avventure si è conclusa e un'intrepida pilota di aerei da turismo è giunta a prenderli per riportarli alla civiltà, entra in scena fratel Fernando, un missionario in cerca di aiuto. Non ha più notizie di due suoi confratelli che si sono persi in una regione inaccessibile. Fratel Fernando convince Kate e gli altri a fare una deviazione per accompagnarlo a Ngombué, la probabile meta dei due missionari. Atterrati per un imprevisto nel cuore della giungla, vengono soccorsi da una tribù di pigmei, cacciatori di elefanti, i quali, nel corso del viaggio verso Ngombué, spiegheranno che la loro tribù è caduta in disgrazia da quando la sacerdotessa Nana-Asante è stata sconfitta, l'amuleto che li proteggeva è stato loro sottratto e Ngombué è diventata feudo di tre terribili personaggi: il re Kosongo, il militare Mbembelé e il potentissimo stregone Sembo. Da allora i pigmei sono stati fatti schiavi: gli uomini sono costretti a cacciare e a procurare l'avorio delle zanne e i diamanti, le donne a occuparsi dei lavori faticosi del villaggio, mentre i loro figli, tenuti prigionieri, vengono sacrificati e dati in pasto ai coccodrilli quando la quantità di avorio e diamanti non soddisfa i loro aguzzini. Da qui inizia l'ultima avventura di Nadia e Alexander che, dopo essere entrati in contatto con il mondo dei morti e degli antenati, riescono a riportare l'armonia tra i pigmei grazie ai loro straordinari poteri. Al loro ritorno negli Stati Uniti i ragazzi, diventati ormai grandi, hanno capito che il loro destino è vivere finalmente insieme.";;;Narrativa contemporanea;3.82;05/23/2026;;;;;;;;Sx5;
La formazione dell'uomo;Gramsci, Antonio;;;Copertina flessibile;;;;;;;;/Pictures/Icons/la formazione…sci, antonio_7.jpg;/Pictures/Photos/la formazione…sci, antonio_7.jpg;;;;;;;05/23/2026;;;;;;;;Sx6;
La gita a Tindari: 462;Camilleri, Andrea;Sellerio Editore Palermo;2000-02-18;Copertina flessibile;304;Commissario Montalbano;;Italiano;9788838915741;;https://www.amazon.it/dp/8838915741?tag=handylibitaly-21&linkCode=osi&th=1&psc=1;;;https://m.media-amazon.com/images/I/41lxizxWl4L._SL500_.jpg;Sta invecchiando il commissario Montalbano? No, non è questo. È l'amarezza per un caso dai retroscena sconcertanti e orrendi. È il saluto del nuovo secolo a questo Maigret siculo, più colto, più teso e irregolare. Egli indaga tra l'immaginaria Vigàta e Tindari, il promontorio a picco sul mare «col piccolo, misterioso teatro greco e la spiaggia a forma di una mano con le dita rosa». Un triplice omicidio è avvenuto - un giovane dongiovanni che viveva al di sopra dei suoi mezzi apparenti, due anziani pensionati seppelliti in casa che improvvisamente decidono una gita a Tindari. Li collega, sembra, solo un condominio. Ma Montalbano ha una maledizione, sa leggere i segni che provengono dall'antichissimo che vive nel modernissimo continente Sicilia: lo aiutano un vecchio ulivo contorto, la sua squadra, la svedese Ingrid, un libro di Conrad, e un Innominato senza pentimento.;;;Gialli e thriller;4.06;05/23/2026;;;;;;;;Sx4;
La legione dimenticata;"Author, Unknown; Lamberti, Tino";Piemme;2009-06-16;Copertina rigida;478;;;Italiano;9788838499555;;https://www.amazon.it/dp/8838499551?tag=handylibitaly-21&linkCode=osi&th=1&psc=1;;;https://m.media-amazon.com/images/I/519MbEW-piL._SL500_.jpg;;;;Narrativa storica;0;05/23/2026;;;;;;;;Sx4;
La paura di Montalbano (Commissario Montalbano #6.5);Camilleri, Andrea;Mondadori;;Copertina rigida;321;Commissario Montalbano;;ita;9788804506942;;https://www.goodreads.com/book/show/3400062-la-paura-di-montalbano;;;https://i.gr-assets.com/images/S/compressed.photo.goodreads.com/books/1413230975l/3400062._SX98_.jpg;"Seis irresistibles narraciones nos devuelven el universo del comisario Montalbano en toda su riqueza y esplendor, para deleite de los lectores adictos a su particular manera de entender la vida. 

A plena luz del despiadado sol siciliano, con un humor no exento del realismo más implacable, surge un caudal de sentimientos irrefrenables: el odio que provoca una venganza cuyas consecuencias han de durar décadas en Mejor la oscuridad; o los resquemores que despierta en todo el cuerpo de policía de Vigàta el comportamiento aparentemente ingenuo, pero cargado de miradas salvajes, de la joven Grazia Giangrasso, en Herido de muerte.

Y para arropar al comisario en su ardua tarea, no faltan los elementos de siempre: los desencuentros telefónicos con su novia Livia, las entrañables broncas con Mimì Augello, la perplejidad que siempre consigue producirle Catarella, el inefable telefonista de la comisaría. En esta ocasión, a los personajes conocidos se añaden otros nuevos, como el formal y distante comandante Verruso, antítesis de un Montalbano que descubrirá, con sorpresa y admiración, la dignidad y valentía con las que su nuevo aliado custodia un terrible secreto. Como es habitual en él, Montalbano aprovecha la resolución de los casos para exponer el contraluz de las cosas, de los acontecimientos y circunstancias que rodean los hechos, como si éstos fueran consecuencia de una condición colectiva, de otros dramas y otros padecimientos largamente sufridos, que escapan al control del individuo. Y todas esas dudas, miedos, tentaciones y contradicciones no hacen más que subrayar, si cabe, la profunda dimensión humana que ha hecho de este personaje el favorito de millones de lectores en todo el mundo.

Reseñas:
«Algunos de los cuentos más interesantes y divertidos del comisario Montalbano.»
Messagero Veneto

«Hay autores cuyos libros suscitan admiración, sorpresa, emoción; los de Andrea Camilleri suscitan todo eso [...].»
ABC Cultural

«Camilleri ha demostrado que se puede conciliar armoniosamente lo serio con lo humorístico, lo grave y lo ligero, con comprensión hacia las debilidades humanas.»
Babelia

";;;Default;3.92;05/22/2026;;;;;;;;Sx6;
La solitudine dei numeri primi;Giordano, Paolo;Mondadori;2008-01-29;Copertina rigida;304;;;Italiano;9788804577027;;https://www.amazon.it/dp/8804577029?tag=handylibitaly-21&linkCode=osi&th=1&psc=1;;;https://m.media-amazon.com/images/I/51N3SsJrmeL._SL500_.jpg;"Mattia pensava che lui e Alice erano così, due primi gemelli, soli e perduti, vicini ma non abbastanza per sfiorarsi davvero. A lei non l'aveva mai detto.

Alice ha sette anni e odia la scuola di sci, ma suo padre la obbliga ad andarci. È una mattina di nebbia fitta, lei ha freddo e il latte della colazione le pesa sullo stomaco. In cima alla seggiovia si separa dai compagni e, nascosta nella nebbia, se la fa addosso. Per la vergogna decide di scendere a valle da sola, ma finisce fuori pista, spezzandosi una gamba. Resta sola, incapace di muoversi, al fondo di un canalone innevato, a domandarsi se i lupi ci sono anche in inverno.
Mattia è un ragazzino intelligente con una gemella ritardata, Michela. La presenza costante della sorella umilia Mattia di fronte ai suoi coetanei. Per questo, la prima volta che un compagno di classe li invita entrambi alla sua festa, Mattia decide di lasciare Michela nel parco, con la promessa che tornerà presto da lei.
Questi due episodi iniziali, con le loro conseguenze irreversibili, saranno il marchio impresso a fuoco nelle vite di Alice e di Mattia, adolescenti, giovani e infine adulti. Le loro esistenze, così profondamente segnate, si incroceranno e i due protagonisti si scopriranno strettamente uniti eppure invincibilmente divisi. Come quei numeri speciali, che i matematici chiamano primi gemelli: due numeri primi separati da un solo numero pari, vicini ma mai abbastanza per toccarsi davvero.
Questo romanzo è la storia dolorosa e commovente di Alice e di Mattia, e dei personaggi che li affiancano nel loro percorso. Paolo Giordano tocca con sguardo lucido e profondo, con una scrittura di sorprendente fermezza e maturità, una materia che brucia per le sue implicazioni emotive. E regala ai lettori un romanzo capace di scuotere per come alterna momenti di durezza e di spietata tensione a scene più rarefatte e di trattenuta emozione, piene di sconsolata tenerezza e di tenace speranza.";;;Narrativa contemporanea;3.65;05/22/2026;;;;;;;;Sx6;
La somma dei giorni;"Allende, Isabel; Liverani, Elena";Feltrinelli;2008-02-05;Copertina flessibile;315;;;Italiano;9788807017421;;https://www.amazon.it/dp/8807017423?tag=handylibitaly-21&linkCode=osi&th=1&psc=1;;;https://m.media-amazon.com/images/I/514FSdTf1iL._SL500_.jpg;"Sono gli anni che seguono la morte della figlia Paula. Isabel Allende adotta la forma ""diario"" per fare la cronaca della famiglia, faticosamente riunita in California dal 1992 al 2006. I ricordi si intrecciano alle riflessioni sulla vita, sulla sua opera e sul mondo contemporaneo. Due leitmotiv danno coesione all'insieme: la relazione amorosa con il secondo marito Willie e l'ansia di costituire e difendere una grande tribù familiare. Con intelligenza e autoironia Isabel ci mostra le difficoltà di tenere insieme un clan variegatissimo e di dominarlo; in una sorta di messa a nudo delle proprie inclinazioni, ci dice che un'innata generosità può facilmente travalicare in esercizio di potere e controllo nelle altrui vite per modificarne il corso. Gli episodi teneri, burleschi si intrecciano a quelli tragicomici o drammatici e la narratrice esibisce una tolleranza imperturbabile per le passioni e un'intolleranza viscerale nei confronti dell'ingiustizia. Non mancano le acute riflessioni sull'incombere della terza età, sulle proprie debolezze, sulla fatica di sbagliare. Si esce dalla lettura con la sensazione di aver attraversato una grande galleria di ritratti familiari, di aver vissuto una cronaca di affetti che ci riguarda da vicino.";;;Narrativa contemporanea;4.01;05/23/2026;;;;;;;;Sx5;
La stanza di Savitri;"Author, Unknown; Manfredi, M.";Giunti Editore;1998-01-01;Copertina flessibile;208;;;Italiano;9788885419445;;https://www.amazon.it/dp/8885419445?tag=handylibitaly-21&linkCode=osi&th=1&psc=1;;;https://m.media-amazon.com/images/I/51ZhQvcIi8L._SL500_.jpg;;;;Narrativa contemporanea;0;05/22/2026;;;;;;;;Sx6;
La stazione del non ritorno;Ferrara, Andrea;Edizioni Efesto;2025-12-02;Copertina flessibile;284;;;Italiano;9788833817736;;https://www.amazon.it/dp/8833817733?tag=handylibitaly-21&linkCode=osi&th=1&psc=1;;;https://m.media-amazon.com/images/I/41dUh9X5+mL._SL500_.jpg;Jacek Piotrowski è un ragazzo polacco che studia per diventare macchinista dei treni come il padre, ma lo scoppio della IIª Guerra Mondiale lo porterà a prendere decisioni da cui dipendono molte vite, compresa la sua.;;;Storici;0;05/22/2026;;;;;;;;Sx6;
La storia dei Templari;"Barber, Malcolm; Scaccabarozzi, M.";Piemme;2004-06-15;Copertina flessibile;479;;;Italiano;9788838481260;;https://www.amazon.it/dp/8838481261?tag=handylibitaly-21&linkCode=osi&th=1&psc=1;;;https://m.media-amazon.com/images/I/41A-meXyAfL._SL500_.jpg;Quello dei Cavalieri di Cristo è stato il più enigmatico e controverso esercito di Santa Romana Chiesa. Nati nel 1119 per vegliare sui pellegrini in Terra Santa, i Templari hanno affrontato il Saladino e i Mamelucchi, combattuto battaglie, garantito servizi finanziari a principi e sovrani, costruito imponenti fortezze e straordinarie cattedrali, fino a diventare il più potente ordine monastico degli occidentali. Ma la loro travolgente ascesa si è interrotta sul rogo che il re di Francia fece preparare per Giacomo Molay, l'ultimo maestro del Tempio. E quel drammatico epilogo non cessa di far discutere.;;;Chiesa cattolica romana;3.82;05/23/2026;;;;;;;;Sx4;
Leggere Lolita a Teheran;"Nafisi, Azar; Serrai, Roberto";Adelphi;2007-04-04;Copertina flessibile;384;;;Italiano;9788845921544;;https://www.amazon.it/dp/8845921549?tag=handylibitaly-21&linkCode=osi&th=1&psc=1;;;https://m.media-amazon.com/images/I/41SjD5srTWL._SL500_.jpg;"Nei due decenni successivi alla rivoluzione di Khomeini, mentre le strade e i campus di Teheran erano teatro di violenze tremende, Azar Nafisi ha dovuto cimentarsi in un'impresa fra le più ardue, e cioè spiegare a ragazzi e ragazze, esposti in misura crescente alla catechesi islamica, una delle più temibili incarnazioni dell'Occidente: la sua letteratura. Il risultato è uno dei più toccanti atti d'amore per la letteratura mai professati - e insieme una magnifica beffa giocata a chiunque tenti di interdirla.

Trovi un'edizione con copertina alternativa per questo ISBN qui";;;Trade (local);3.67;05/22/2026;;;;;;;;Sx6;
Lo spagnolo minore. Dizionario spagnolo-italiano, italiano-spagnolo. Ediz. bilingue;Staff, Zanichelli;Zanichelli;2007-05-01;Copertina flessibile;864;;;Spagnolo;9788808068897;;https://www.amazon.it/dp/8808068897?tag=handylibitaly-21&linkCode=osi&th=1&psc=1;;;https://m.media-amazon.com/images/I/51UkJiwoInL._SL500_.jpg;;;;Dizionari e vocabolari;0;05/23/2026;;;;;;;;Sx6;
Lucertola;"Yoshimoto, Banana; Amitrano, Giorgio";Feltrinelli;2008-12-01;Copertina flessibile;128;;;Italiano;9788807814211;;https://www.amazon.it/dp/8807814218?tag=handylibitaly-21&linkCode=osi&th=1&psc=1;;;https://m.media-amazon.com/images/I/41nWDU5eQZL._SL500_.jpg;Sei racconti intorno al tempo, alla guarigione, al destino, al fato, immersi in una Tokyo sfolgorante di luci notturne e pulsante di vita. I protagonisti sono accumunati dalla stessa sorte: tutti in qualche modo feriti si sono chiusi in un guscio che li protegge, ma contemporaneamente li separa dal mondo, impedendo loro di agire e di interagire con gli altri. Ma sensazioni dimenticate si affacciano alla memoria, la vita, prima paralizzata, ricomincia a scorrere rivelando la catartica necessità di entrare finalmente in azione e di fare i conti con il passato. E' alle soglie di questa trasformazione che lo sguardo di Banana Yoshimoto si posa sui suoi enigmatici personaggi per raccontarne il disagio, l'angoscia, la liberazione.;;;Narrativa contemporanea;3.74;05/23/2026;;;;;;;;Sx6;
Lungo petalo di mare;"Allende, Isabel; Liverani, Elena";Feltrinelli;2019-10-24;Copertina flessibile;352;;;Italiano;9788807033438;;https://www.amazon.it/dp/8807033437?tag=handylibitaly-21&linkCode=osi&th=1&psc=1;;;https://m.media-amazon.com/images/I/41QQju8sDhL._SL500_.jpg;"1939. Alla fine della Guerra civile spagnola, il giovane medico Víctor Dalmau e un'amica di famiglia, la pianista Roser Bruguera, sono costretti, come altre migliaia di spagnoli, a scappare da Barcellona. Attraversati i Pirenei, a Bordeaux, fingendosi sposati, riescono a imbarcarsi a bordo del Winnipeg, il piroscafo preso a noleggio da Pablo Neruda per portare più di duemila profughi spagnoli in Cile - il ""lungo petalo di mare e neve"", nelle parole dello stesso poeta -, in cerca di quella pace che non è stata concessa loro in patria. Lì hanno la fortuna di essere accolti con generosa benevolenza e riescono presto a integrarsi, a riprendere in mano le loro vite e a sentirsi parte del destino del paese, solo però fino al golpe che nel 1973 fa cadere il presidente Salvador Allende. E allora, ancora una volta, si ritroveranno in esilio, questa volta in Venezuela, ma, come scrive l'autrice, ""se si vive abbastanza, i cerchi si chiudono"".";;;Narrativa contemporanea;4.06;05/23/2026;;;;;;;;Sx5;
Male d'amore;"Mastretta, Ángeles; Meucci, Silvia";Feltrinelli;2001-01-01;Copertina flessibile;288;;;Italiano;9788807814761;;https://www.amazon.it/dp/8807814765?tag=handylibitaly-21&linkCode=osi&th=1&psc=1;;;https://m.media-amazon.com/images/I/51sZYZ1UOoL._SL500_.jpg;"Emilia Sauri vuole esser viva e libera: dai genitori ha ereditato la passione per la medicina e per la letteratura, dalla zia Milagros l'anticonformismo e la fedeltà ai propri ideali, ma anche agli impulsi del cuore. Emilia vive la rivoluzione messicana, cura le vittime della guerra, ma soprattutto vive la sua duplice storia d'amore e di bigamia. Incantata dal rivoluzionario Daniel fin dall'adolescenza, intreccia con lui una vicenda di legami e abbandoni, in cui la magia sensuale che li afferra a ogni incontro non scema con gli anni. Ma nel cuore di Emilia c'è spazio anche per il dottor Zavalza, con cui vive anni di pace amorosa, a cui attribuisce senza esitazioni la paternità dei suoi tre figli, che sa come curare il ""male d'amore"" che Daniel le infligge.";;;Narrativa contemporanea;4.13;05/23/2026;;;;;;;;Sx6;
Memorie di Adriano. Seguite dai Taccuini di appunti;"Yourcenar, Marguerite; Mazzolani, Lidia Storoni";Einaudi ;;Copertina flessibile;350;;;ita;9788806174088;;https://www.goodreads.com/book/show/2826538-memorie-di-adriano-seguite-dai-taccuini-di-appunti;;;https://s.gr-assets.com/assets/nophoto/book/111x148-675b3b2743c83e96e2540d2929d5f4d2.png;"""Mi sentivo responsabile della bellezza del mondo"", dice di sé Adriano, questo personaggio così raffinatamente calato nella sua epoca, eppure così vicino al tormento di ogni uomo, di ogni tempo, nell'accanita ricerca di un accordo tra felicità e logica, tra intelligenza e fato.
Il capolavoro di Marguerite Yourcenar unisce al cesello perfetto della ricostruzione storica il coraggio di presentare a tutto tondo un grand'uomo, l'altezza del suo pensiero, la disponibilità intellettuale, le intuizioni profetiche, donandoci non già un saggio erudito, ma un libro dei giorni nostri, e dei giorni a venire. Perché, come ha scritto la Yourcenar, ""non siamo i soli a guardare in faccia un avvenire inesorabile"".
I taccuini di appunti dell'autrice (annotazioni di studio, lampi di autobiografia, ricordi, vicissitudini della scrittura) perfezionano la conoscenza di un'opera che fu pensata, composta, smarrita, corretta per quasi un trentennio.
La nota della traduttrice, Lidia Storoni Mazzolani, ci regala la storia di un'amicizia nata lavorando insieme alla versione italiana.
Con la cronologia della vita e delle opere e la bibliografia essenziale.";;;Historical-fiction;4.21;05/23/2026;;;;;;;;Sx4;
Miguilim;"Rosa, João Guimarães; Tabucchi, Antonio; Bizzarri, Edoardo";Feltrinelli;2007-09-21;Copertina flessibile;135;Corpo de Baile;;Italiano;9788807812880;;https://www.amazon.it/dp/8807812886?tag=handylibitaly-21&linkCode=osi&th=1&psc=1;;;https://m.media-amazon.com/images/I/4111LCSLb5L._SL500_.jpg;"""Sospesa nell'incantesimo di un parlare inconsueto e di un paesaggio remoto, questa struggente novella, che a prima vista potremmo scambiare per la narrazione di una infanzia drammatica, ci appare, chiusa l'ultima pagina e appreso il fragile e potente segreto che teneva incatenato il piccolo Miguilim, metafora di un qualcosa che non sappiamo bene decifrare. Come per tutti gli altri libri di Guimarães Rosa, anche per quest'operetta dal timbro mozartiano, eseguita dal flauto magico di un narratore non comune, potremmo dire, usando le parole dello stesso Rosa, che 'alle volte, quasi sempre, un libro è più grande di noi'. Ascoltato nella coralità di Corpo di ballo, maestosa sinfonia in sette parti di cui era forse la sonata più toccante, Miguilim contribuiva con la sua mascherina di bambino atemporale alla grandezza di una pantomima che eleggeva il Sertao di Minas Gerais a metafora del mondo. Letta da sola, al di fuori di quel grandioso contesto, nel suo favoleggiare e nella sua orditura narrativa perfetta, questa perla della letteratura universale deve il suo potere di soggiogamento, il suo essere un libro 'più grande di noi', agli interrogativi sui significati che aprono le sue specifiche metafore: gli occhi di un fanciullo, un paio di occhiali, il reale visibile."" (Antonio Tabucchi)";;;Narrativa contemporanea;4.28;05/23/2026;;;;;;;;Sx6;
Noi che ci vogliamo così bene (Universale economica Vol. 1465);"Serrano, Marcela; Meucci, Silvia";Feltrinelli Editore;2010-10-18;Ebook;258;Universale economica;1,465;Italiano;9788807814655;;https://www.amazon.it/dp/B0071K1R2W?tag=handylibitaly-21&linkCode=osi&th=1&psc=1;;;https://m.media-amazon.com/images/I/41UVkWxxIFL._SL500_.jpg;"Ana, Maria, Isabel e Sara si prendono una vacanza da figli, mariti, lavoro e raccontano, si raccontano. E sono storie di resistenza, come quella della combattuta e combattiva Maria; di rinuncia, come quella di Sara che ha escluso di vivere con un uomo; di vuoto di ogni passione, come per Ana; o della schiavitù di marito e figli di Isabel. Ed è la storia anche di un Cile politicamente inquieto, tra la dittatura di Pinochet e la transizione ai tempi moderni.
E fra rabbia e ironia, pena e amore, le quattro donne rinvengono quella forza magicamente femminile che le unisce tra loro e alla Storia, e trovano il bandolo della matassa delle loro esistenze nella profezia di una vecchia guaritrice.
Il destino era già scritto nelle quattro carte: bastoni, ori, coppe, spade; e se l'avessero ascoltata, si sarebbero potuti risparmiare tante lacrime, molta solitudine, un miscuglio di tranquillanti e alcol, e parecchie altre croci.";;;Narrativa contemporanea;3.93;05/23/2026;;;;;;;;Sx6;
Non dire notte;"Oz, Amos; Loewenthal, Elena";Feltrinelli;;Copertina flessibile;202;;;ita;9788807017155;;https://www.goodreads.com/book/show/22595846-non-dire-notte;;;https://i.gr-assets.com/images/S/compressed.photo.goodreads.com/books/1403897008l/22595846._SX98_.jpg;A Tel Kedar, una tranquilla cittadina israeliana nel deserto del Negev, abitano Noa e Theo. Dopo sette anni di felice convivenza, sono in una fase stagnante del loro rapporto. Theo, urbanista sessantenne di successo, appare sempre più introverso e sembra aver perso energia, voglia di fare e di mettersi in gioco. Noa, frenetica professoressa di lettere di quindici anni più giovane che insegna nella scuola locale, è sempre alla ricerca di nuovi traguardi e nuove sfide. In seguito alla morte di uno degli studenti di Noa, le viene affidato il compito di dare vita a un centro di riabilitazione per giovani tossicodipendenti. Aiutata da Muki, agente immobiliare, da Linda, una timida divorziata, e da Lumir, un pensionato, Noa si dedica al progetto con entusiasmo e idealismo, pronta a lottare contro l’opposizione di tutta la cittadina che teme che un simile centro possa portare droga e criminalità. Non vuole mostrare le sue debolezze e chiedere l’aiuto di Theo, e lui non vuole interferire se non è richiesto… Se per un verso la vicenda sembra mettere a dura prova la loro relazione, dall’altro dimostra lo struggente affetto, l’infinita tenerezza e il profondo amore che ancora li lega. La storia è narrata dai due protagonisti in prima persona, alternandosi di capitolo in capitolo, raccontando gli stessi episodi visti da occhi diversi, contrapponendo con forza le due personalità, descrivendo non solo le loro vite, ma anche quella di vari abitanti di Tel Kedar, vecchi e nuovi immigrati, persone colpite da tragedie immani, ma anche personaggi buffi, russi pieni di vitalità, giovani studenti dalle belle speranze. Non dire notte non è esplicitamente un romanzo politico: è un libro che esplora l’animo umano, che racconta la realtà quotidiana di una comunità lontana da Tel Aviv o Gerusalemme, protetta da filo spinato e guardie, che cerca di vivere una vita normale come qualsiasi altra cittadina del mondo.;;;Fiction;3.55;05/23/2026;;;;;;;;Sx5;
Non ti muovere;Mazzantini, Margaret;Arnoldo Mondadori;;Copertina rigida;295;;;ita;9788804489474;;https://www.goodreads.com/book/show/9581057-non-ti-muovere;;;https://i.gr-assets.com/images/S/compressed.photo.goodreads.com/books/1296404119l/9581057._SX98_.jpg;Una giornata di pioggia, uno stop non rispettato, una ragazza di quindici anni che frena, scivola e cade dal motorino. Una corsa in ambulanza verso l'ospedale. Lo stesso in cui il padre lavora come chirurgo. Mentre un collega opera sua figlia, Timoteo rimane in immobile attesa. Nel terrore dell'evento estremo, racconta, getta la sua maschera di fermezza e cinismo, di padre e marito modello, per svelare un'immagine di sè straniata e violenta. Nella speranza di poter barattare le parole con il silenzio del coma, la morte con la vita, rivela, in un immaginario dialogo con la figlia, un doloroso segreto.;;;1001-books;3.82;05/23/2026;;;;;;;;Sx6;
Oltre l'inverno;"Allende, Isabel; Liverani, Elena";Feltrinelli;2017-11-09;Copertina flessibile;304;;;Italiano;9788807032622;;https://www.amazon.it/dp/8807032627?tag=handylibitaly-21&linkCode=osi&th=1&psc=1;;;https://m.media-amazon.com/images/I/51bskCiORHL._SL500_.jpg;Brooklyn, ai giorni nostri. Durante una tempesta di neve, Richard Bowmaster, professore universitario spigoloso e riservato, tampona la macchina di Evelyn Ortega, una giovane donna emigrata illegalmente dal Guatemala. Quello che sembra solo un banale incidente prende tutt’altra piega quando Evelyn si presenta a casa del professore per chiedere aiuto. Smarrito, Richard si rivolge alla vicina, che conosce a malapena, Lucía Maraz, una matura donna cilena con una vita complicata alle spalle. Lucía, Evelyn e Richard, tre persone molto diverse tra loro, si ritrovano coinvolte in un thriller dalle conseguenze imprevedibili. Tre destini che Isabel Allende incrocia per dare vita a un romanzo mozzafiato e molto attuale sull’emigrazione e l’identità americana, le seconde opportunità e la speranza che, oltre l’inverno, ci aspetti sempre un’invincibile estate.;;;Narrativa contemporanea;3.72;05/23/2026;;;;;;;;Sx5;
Ossessioni, fobie e paranoia. Ediz. integrale;"Freud, Sigmund; Balducci, Celso; Agozzino, Delia";Newton Compton Editori;2015-03-05;Copertina flessibile;238;;;Italiano;9788854174535;;https://www.amazon.it/dp/885417453X?tag=handylibitaly-21&linkCode=osi&th=1&psc=1;;;https://m.media-amazon.com/images/I/517SkPPtG0L._SL500_.jpg;Sono stati raccolti in questo volume alcuni tra i più significativi saggi che Freud ha dedicato, tra il 1849 e il 1915, alla comprensione di tre diffuse patologie nevrotiche e psicotiche. Inoltrandosi progressivamente in una sempre più matura e articolata spiegazione analitica, Freud ha inteso indagare la dinamica profonda dei processi patologici, giungendo a una chiara collocazione del fenomeno ossessivo sul piano clinico-nosologico e distinguendolo dalla nevrastenia e dalle pure fobie, come dalle più comuni nevrosi traumatiche. La sua ricerca, sostenuta da una ricca casistica, è diretta verso le motivazioni inconsce di tutti gli aspetti ossessivi del comportamento quotidiano.;;;Scienze, tecnologia e medicina;3.51;05/22/2026;;;;;;;;Sx6;
Paula;"Allende, Isabel; Guadalupi, Gianni";Feltrinelli;1997-03-03;Copertina flessibile;328;;;Italiano;9788807014802;;https://www.amazon.it/dp/8807014807?tag=handylibitaly-21&linkCode=osi&th=1&psc=1;;;https://m.media-amazon.com/images/I/41G6FU6f3hL._SL500_.jpg;Paula, nata nel 1963, è una ragazza felice, innamorata di suo marito, vive a Madrid, lavora. Una vita semplice, che non ha niente in comune con quella della madre Isabel. Improvvisamente Paula si ammala di una malattia rarissima, la porfiria: ha imboccato una strada di non-ritorno. Isabel lascia San Francisco, dove vive, per correre da lei. Mentre i medici studiano ogni cura per salvarla, Isabel prova con l'unico mezzo che ha a disposizione: usa la scrittura per distrarre la morte, la magia della parola per evocare e chiamare a raduno, attorno a Paula, tutti i componenti della numerosa e bizzarra famiglia perché, insieme ai ricordi, formino una catena umana che trattenga Paula alla vita. 'Paula' è l'autobiografia di Isabel Allende.;;;Biografico e autofiction;4.23;05/23/2026;;;;;;;;Sx5;
Per Paula. Lettere dal mondo;"Allende, Isabel; Raimondi, Valeria";Feltrinelli;2008-11-10;Copertina flessibile;96;;;Inglese;9788807814495;;https://www.amazon.it/dp/8807814498?tag=handylibitaly-21&linkCode=osi&th=1&psc=1;;;https://m.media-amazon.com/images/I/51M6xuN6ygL._SL500_.jpg;"Nel 1992 Isabel Allende subì la perdita della figlia Paula, morta dopo un lungo periodo di coma nel quale era caduta in seguito ad un attacco acuto di porfiria. In seguito a tale evento, la scrittrice pubblicò ""Paula"", lungo racconto epistolare in cui ripercorreva le tappe della vita della figlia. ""Paula"" ottenne un grande successo e Isabel Allende ricevette una grande quantità di lettere dai suoi lettori, lettere di sostegno, di condivisione di esperienze. Alcune fra le più belle lettere ricevute, la scrittrice le ha raccolte in questo volume.";;;Diari, lettere e giornali;3.78;05/23/2026;;;;;;;;Sx6;
Piccolo manuale per non farsi mettere i piedi in testa;"Berckhan, Barbara; Malimpensa, C.";Feltrinelli;2014-09-24;Copertina flessibile;176;;;Italiano;9788807885518;;https://www.amazon.it/dp/8807885514?tag=handylibitaly-21&linkCode=osi&th=1&psc=1;;;https://m.media-amazon.com/images/I/41YFg0XHEzL._SL500_.jpg;"“Avete il diritto di chiedere quello che desiderate, così come l’altro ha il diritto di rispondervi sì o no”
Sul lavoro o nella vita privata capita spesso di subire prevaricazioni: in tal caso non serve a molto mettersi a sbraitare o rinchiudersi passivi e muti. Questo libro illustra i modi per riuscire a farsi rispettare, senza sopraffare gli altri e dimostrandosi sicuri di sé. Niente sgomitate o urla: far valere le proprie ragioni e non essere messi all’angolo è un’arte, e Barbara Berckhan ne è la maestra. Il suo metodo “dolce”, che prevede tuttavia una certa fermezza, permette di mostrarsi fieri, riuscire a dire di no, rimanere coerenti con le proprie idee, non farsi ignorare, avanzare chiaramente le proprie richieste, trovare ascolto. Tutto questo condito con un pizzico di humor e senza forzare l’indole di ciascuno. Ogni capitolo infatti affronta una delle cinque tecniche suggerite e fornisce numerosi consigli su come metterla in pratica; ma si tratta di spunti, non di regole, che ognuno può riadattare al proprio stile personale con semplicità ed efficacia. Così facendo, il modo per farsi valere non risulterà artificioso o dettato dall’esterno, ma diventerà parte della personalità. Un vero coaching individuale per acquisire sicurezza ed esprimere se stessi e le proprie opinioni in modo efficace.";;;Famiglia, salute e benessere;3.46;05/23/2026;;;;;;;;Sx6;
Pomodori verdi fritti al caffè;Flagg, Fannie;Sonzogno;2000-01-01;Copertina flessibile;361;Whistle Stop, AL;;Italiano;9788845404917;;https://www.amazon.it/dp/8845404919?tag=handylibitaly-21&linkCode=osi&th=1&psc=1;;;https://m.media-amazon.com/images/I/51PEyBU+3KL._SL500_.jpg;Evelyn Couch, 48 anni, è infelice, delusa e insoddisfatta dal matrimonio e dalla vita in generale. Durante la visita alla suocera in un ospizio, incontra la signora Cleo Threadgoode ed ecco un mondo nuovo si spalanca ai suoi occhi: il caffè di Whistle Stop. Un mondo variopinto di diversi personaggi che la signora ha visto raccogliersi e alternarsi nel piccolo bar-ristorante aperto cinquant’anni prima nel profondo Sud degli Stati Uniti. Il caffè è condotto dalla dolce Ruth e la bisbetica Idgie, una coppia di donne fuggite dai loro uomini e decise a ricostruirsi una vita.;;;Narrativa di genere;4.27;05/22/2026;;;;;;;;Sx6;
PROTAGONISTI DELLA STORIA GIUSEPPE GARIBALDI;Scirocco, Alfonso;Corriere della Sera;2005;Copertina rigida;1;;;Italiano;;;https://www.amazon.it/dp/B005WW64ZG?tag=handylibitaly-21&linkCode=osi&th=1&psc=1;;;https://m.media-amazon.com/images/I/41j+5xwJ1fL._SL500_.jpg;;;;Gialli e Thriller;;05/23/2026;;;;;;;;Sx4;
Puerto libre;"Mastretta, Ángeles; Maneri, Gina";Giunti Editore;2000-06-14;Copertina flessibile;192;;;Italiano;9788809017580;;https://www.amazon.it/dp/8809017587?tag=handylibitaly-21&linkCode=osi&th=1&psc=1;;;https://m.media-amazon.com/images/I/51hXy18Po1L._SL500_.jpg;Spanish;;;Saggi;3.77;05/23/2026;;;;;;;;Sx5;
Quando eravamo i padroni del mondo. Roma: l'impero infinito;Cazzullo, Aldo;HarperCollins Italia;2023-09-26;Copertina flessibile;320;;;Italiano;9791259853103;;https://www.amazon.it/dp/B0C6LCSYSQ?tag=handylibitaly-21&linkCode=osi&th=1&psc=1;;;https://m.media-amazon.com/images/I/416DbBf-haL._SL500_.jpg;"L’Impero romano non è mai caduto. Tutti gli imperi della storia si sono presentati come eredi degli antichi romani: l’Impero romano d’Oriente; il Sacro Romano Impero di Carlo Magno; Mosca, la terza Roma. E poi l’Impero napoleonico e quello britannico. I regimi fascista e nazista. L’impero americano e quello virtuale di Mark Zuckerberg, grande ammiratore di Augusto: il primo uomo a guidare una comunità multietnica di persone che non si conoscevano tra loro ma condividevano lingua, immagini, divinità, cultura. Roma vive. 
Attraverso un racconto pieno di dettagli e curiosità, alla portata del lettore colto ma anche di quello semplicemente curioso, Aldo Cazzullo ricostruisce il mito di Roma, partendo dai personaggi e dalle storie e arrivando alle idee e ai segni. A cominciare da quello che è stato il simbolo di tutti gli imperi del mondo, da Roma all’America: l’aquila.";;;Roma;3.59;05/23/2026;;;;;;;;Sx4;
Quel che c'è nel mio cuore;"Serrano, Marcela; Parolo, Michela Finassi";Feltrinelli;2003-02-10;Copertina flessibile;254;;;Italiano;9788807016110;;https://www.amazon.it/dp/8807016117?tag=handylibitaly-21&linkCode=osi&th=1&psc=1;;;https://m.media-amazon.com/images/I/41NTma5w8DL._SL500_.jpg;"Cuando Camila llega a Chiapas con el propósito de escribir un reportaje diferente sobre la revuelta zapatista para una revista norteamericana, no sospecha que la auténtica revolución tendrá lugar en su interior. A sus treinta y cuatro años, los zarpazos de la vida la han alcanzado de lleno, y se siente derrumbada por la muerte de su hijo, todavía bebé. Pero con la llegada a San Cristóbal de las Casas, la dura realidad que debe reflejar la lleva a sentirse viva de nuevo. 

Arrastrada por los dramáticos acontecimientos que se van sucediendo, e indecisa ante el renacimiento de la pasión amorosa, Camila se ve obligada a replantearse su vida, especialmente la relación con su madre, defensora de la democracia chilena, y con su marido, un periodista con quien abandonó Chile para vivir en Washington. Así, mientras descubre los claroscuros del México actual, Camila se debate entre la necesidad de reconciliarse con su pasado y el renovado impulso vital que la domina. 

";;;Narrativa contemporanea;3.61;05/23/2026;;;;;;;;Sx5;
Quell'anno a Madrid;"Chavarría, Daniel; Ossola, Sandro";Tropea;1997-01-01;Copertina flessibile;216;;;Italiano;9788843801633;;https://www.amazon.it/dp/8843801635?tag=handylibitaly-21&linkCode=osi&th=1&psc=1;;;https://m.media-amazon.com/images/I/51zRdTwhIHL._SL500_.jpg;`Aquel año en Madrid¿ es una novela inusual. Una mezcla de diferentes géneros. Es una novela de intriga, de amor, también nostálgica, testimonial y autobiográfica si se quiere. Es una novela y muchas novelas al mismo tiempo, pero también retazos de Historia reciente. La novela narra la historia de un joven de 19 años que a lo largo de toda su azarosa vida, no olvida la búsqueda apasionada de una mujer que dijo ser alguien y que actuó como alguien que no era, y que lo dejó marcado. Pero no es solo eso, como el mismo Daniel Chavarría “En esencia es un melodrama de amor. Pero ojo, no cualquier melodrama, ni cualquier amor…”.;;;Narrativa contemporanea;3.71;05/23/2026;;;;;;;;Sx5;
Ritratto in seppia;"Allende, Isabel; Liverani, Elena";Feltrinelli;2002-02-04;Copertina flessibile;267;Trilogía Involuntaria;;Italiano;9788807016011;;https://www.amazon.it/dp/880701601X?tag=handylibitaly-21&linkCode=osi&th=1&psc=1;;;https://m.media-amazon.com/images/I/41qogOsUw4L._SL500_.jpg;"Figlia di tutti e di nessuno, Aurora del Valle cresce prima con i nonni materni, poi sotto la guida dell'anticonformista nonna paterna, Paulina del Valle, che le apre, quasi per caso, il mondo della fotografia. Con la passione della neofita, Aurora fissa al lampo di magnesio gruppi di famiglia, case, paesaggi, personaggi, finché non si rende conto di poter leggere attraverso questi ""ritratti in seppia"" non solo la realtà visibile ma anche le verità più riposte, i sentimenti più segreti. L'immersione nel passato segue quasi per istinto, automatica. Tutto viene a galla: nodi del sangue, passioni, avventure, intrecci, storie di famiglia e storie del mondo.
Con magnifica sapienza, Isabel Allende ci offre una straordinaria saga famigliare che fonde personaggi già apparsi in ""La figlia della fortuna"" e ""La casa degli spiriti"". ""Ritratto in seppia"" si rivela, insomma, come il secondo capitolo di una ideale trilogia, di un unico grande ininterrotto narrare che copre più di un secolo di storia.";;;Narrativa contemporanea;4.03;05/23/2026;;;;;;;;Sx5;
SPQR. Storia dell'antica Roma;"Beard, Mary; Piccato, Aldo";Mondadori;2017-11-21;Copertina flessibile;554;;;Italiano;9788804676973;;https://www.amazon.it/dp/8804676973?tag=handylibitaly-21&linkCode=osi&th=1&psc=1;;;https://m.media-amazon.com/images/I/51zQuXb1+xL._SL500_.jpg;"New York Times Bestseller • National Book Critics Circle Finalist • Wall Street Journal Best Books of 2015 • Kirkus Reviews Best Books of 2015 • Economist Books of the Year 2015 • New York Times Book Review 100 Notable Books of 2015

A sweeping, ""magisterial"" history of the Roman Empire from one of our foremost classicists shows why Rome remains ""relevant to people many centuries later"" (Atlantic).

In SPQR, an instant classic, Mary Beard narrates the history of Rome ""with passion and without technical jargon"" and demonstrates how ""a slightly shabby Iron Age village"" rose to become the ""undisputed hegemon of the Mediterranean"" (Wall Street Journal). Hailed by critics as animating ""the grand sweep and the intimate details that bring the distant past vividly to life"" (Economist) in a way that makes ""your hair stand on end"" (Christian Science Monitor) and spanning nearly a thousand years of history, this ""highly informative, highly readable"" (Dallas Morning News) work examines not just how we think of ancient Rome but challenges the comfortable historical perspectives that have existed for centuries. With its nuanced attention to class, democratic struggles, and the lives of entire groups of people omitted from the historical narrative for centuries, SPQR will to shape our view of Roman history for decades to come.";;;Roma;4.05;05/23/2026;;;;;;;;Sx4;
Strappami la vita;"Mastretta, Ángeles; Ossola, Sandro";Feltrinelli;2001-01-01;Copertina flessibile;224;;;Italiano;9788807810947;;https://www.amazon.it/dp/8807810948?tag=handylibitaly-21&linkCode=osi&th=1&psc=1;;;https://m.media-amazon.com/images/I/41ABAbvvRjL._SL500_.jpg;Nel Messico postrivoluzionario degli anni trenta e quaranta, la vita di una donna scorre al riparo delle pareti domestiche, e gli echi del mondo esterno, le lotte di potere, gli intrighi e la corsa alla ricchezza, strettamente pertinenti all'universo maschile, la toccano solo di riflesso. Così a Catalina, sposata giovanissima con un generale più anziano, un marito che va e viene, sempre più ricco, sempre più distante, non resta che svolgere con cura impeccabile e una buona dose di autoironia il compito di moglie, di madre di figli non suoi, di perfetta padrona di casa. Balli, feste, ricevimenti, ma anche cerimonie ufficiali, visite ad asili, ad ospedali. Ma le note prepotenti di un tango, il famoso Arráncame la vida (Strappami la vita) del musicista messicano Augustìn Lara, irrompono prepotenti e sensuali nell'esistenza sedata di Catalina. Strappami la vita, ma anche strappami dalla mia vita: ed è l'amore, l'amour-passion, travolgente e fatale, soprattutto per lo sventurato amante che verrà subito eliminato dall'inesorabile marito.;;;Narrativa contemporanea;4.11;05/23/2026;;;;;;;;Sx6;
Una stanza tutta per sé;"Woolf, Virginia; Bulgheroni, Marisa; Wilcock, Livio Bacchi; Wilcock, Juan Rodolfo";Feltrinelli;2013-06-05;Copertina flessibile;160;;;Italiano;9788807900600;;https://www.amazon.it/dp/8807900602?tag=handylibitaly-21&linkCode=osi&th=1&psc=1;;;https://m.media-amazon.com/images/I/415bGRTMCKL._SL500_.jpg;Nell’ottobre del 1928 Virginia Woolf viene invitata a tenere due conferenze sul tema Le donne e il romanzo. È l’occasione per elaborare in maniera sistematica le sue molte riflessioni su universo femminile e creatività letteraria. Risultato è questo straordinario saggio, vero e proprio manifesto sulla condizione femminile dalle origini ai nostri giorni, che ripercorre il rapporto donna-scrittura dal punto di vista di una secolare esclusione attraverso la doppia lente del rigore storico e della passione per la letteratura. Come poteva una donna, si chiede la scrittrice inglese, dedicarsi alla letteratura se non possedeva “denaro e una stanza tutta per sé”? Si snoda così un percorso attraverso la letteratura degli ultimi secoli che, seguendo la simbolica giornata di una scrittrice del nostro tempo, si fa lucida e asciutta riflessione sulla femminilità. Un classico della scrittura e del pensiero.;;;Movimenti e periodi;4.22;05/23/2026;;;;;;;;Sx6;
UNIVERSALE - LE GARZANTINE - 3 VOLUMI;;;;Copertina flessibile;100;;;Italiano;;;https://www.amazon.it/dp/B00AI7VJGY?tag=handylibitaly-21&linkCode=osi&th=1&psc=1;;;https://m.media-amazon.com/images/I/4180PaWotRL._SL500_.jpg;;;;Categorie;;05/23/2026;;;;;;;;Sx6;
Vergine giurata;Dones, Elvira;Feltrinelli;2009-02-13;Copertina flessibile;204;;;Italiano;9788807721144;;https://www.amazon.it/dp/8807721147?tag=handylibitaly-21&linkCode=osi&th=1&psc=1;;;https://m.media-amazon.com/images/I/41aExCBpi5L._SL500_.jpg;Hana abbandona gli studi universitari che, piena di curiosità e di entusiasmo, aveva da poco iniziato all'Università di Tirana per tornare a vivere sulle montagne del Nord dell'Albania, nella casa dello zio che l'ha cresciuta dopo la morte dei genitori e che adesso è vedovo e malato. Un atto d'amore e di gratitudine che assume i tratti di uno spaventoso olocausto di sé quando Hana, che si rifiuta di accettare il matrimonio combinato che permetterebbe allo zio di morire in pace ma che costringerebbe lei a rinunciare alla propria indipendenza, pensa che l'unico modo per risolvere i suoi problemi sia diventare una vergine giurata: una di quelle donne, cioè, che a un certo punto della propria vita decidono di farsi uomini e di rinnegare la propria femminilità. Lo zio è fiero di lei, l'onore della famiglia è salvo e lui è finalmente libero di arrendersi alla malattia che lo divora. Nella cupa solitudine delle montagne si abbrutisce e si imbruttisce per sopravvivere alla fatica, al freddo, allo sconforto, finché la cugina Lila, emigrata tanti anni prima negli Stati Uniti, non riesce a convincerla a infrangere il giuramento per raggiungerla a Washington. Qui Hana riesce con grande sforzo - grazie al sostegno della cugina e della sua famiglia, ma soprattutto alla propria tenacia - a trovare la consapevolezza di sé e del suo corpo mortificato, e ad accettare l'amore di un uomo che la aiuta ad appropriarsi di una femminilità rinnegata.;;;Narrativa contemporanea;3.65;05/23/2026;;;;;;;;Sx6;
Violeta;"Allende, Isabel; Liverani, Elena";Feltrinelli;2022-02-03;Copertina flessibile;368;;;Italiano;9788807034800;;https://www.amazon.it/dp/8807034808?tag=handylibitaly-21&linkCode=osi&th=1&psc=1;;;https://m.media-amazon.com/images/I/41zD7Vz5qBL._SL500_.jpg;"Violeta nasce in una notte tempestosa del 1920, prima femmina dopo cinque turbolenti maschi. Fin dal principio la sua vita è segnata da avvenimenti straordinari, con l’eco della Grande guerra ancora forte e il virus dell’influenza spagnola che sbarca sulle coste del Cile quasi nel momento esatto della sua nascita. Grazie alla previdenza del padre, la famiglia esce indenne da questa crisi solo per affrontarne un’altra quando la Grande depressione compromette l’elegante stile di vita urbano che Violeta aveva conosciuto fino ad allora. La sua famiglia perde tutto ed è costretta a ritirarsi in una regione remota del paese, selvaggia e bellissima. Lì la ragazza arriva alla maggiore età e conosce il suo primo pretendente... Violeta racconta in queste pagine la sua storia a Camilo in cui ricorda i devastanti tormenti amorosi, i tempi di povertà ma anche di ricchezza, i terribili lutti e le immense gioie. Sullo sfondo delle sue alterne fortune, un paese di cui solo col tempo Violeta impara a decifrare gli sconvolgimenti politici e sociali. Ed è anche grazie a questa consapevolezza che avviene la sua trasformazione con l’impegno nella lotta per i diritti delle donne. Una vita eccezionalmente ricca e lunga un secolo, che si apre e si chiude con una pandemia.

Raccontata attraverso gli occhi di una donna che vive un secolo di sconvolgimenti con passione, determinazione e senso dell’umorismo, Isabel Allende ci consegna ancora una volta una storia epica che esalta ed emoziona.";;;Narrativa contemporanea;4.03;05/23/2026;;;;;;;;Sx5;
Zorro. L'inizio della leggenda;"Allende, Isabel; Liverani, Elena";Feltrinelli;2005-05-16;Copertina flessibile;348;;;Italiano;9788807421112;;https://www.amazon.it/dp/8807421119?tag=handylibitaly-21&linkCode=osi&th=1&psc=1;;;https://m.media-amazon.com/images/I/51SRJVnYNxL._SL500_.jpg;"Figlio del latifondista spagnolo Alejandro de la Vega e di Toypurnia, una bellissima india che prima di innamorarsi del marito era stata una specie di ‟guerrillera” ante litteram, Diego eredita dal padre il senso dell'onore e dalla madre la volontà di difendere gli oppressi.
Legato da una fraterna e indissolubile amicizia a Bernardo, figlio della dama di compagnia della madre, trascorre un'infanzia serena. Alle soglie della giovinezza, accompagnato dal fedele amico Bernardo, viene mandato dal padre a studiare in Europa. Vengono accolti da Tomàs de Romeu, un vedovo illuminista, amico dei francesi bonapartisti che governano la Catalogna, che ha due giovani figlie, la bellissima Juliana e l'intrepida Isabel. Diego prende lezioni di scherma da Manuel Escalante che, oltre a essere un ottimo spadaccino, si rivelerà un membro del gruppo massonico ‟La Justicia” cui presto si affilierà anche de la Vega, con il ‟nome di battaglia” di Zorro (volpe in spagnolo). Intanto, Diego si innamora perdutamente di Juliana che, però, non lo ricambia e non ricambia nemmeno le attenzioni dell'altro pretendente, Rafael Moncada, destinato a divenire l'acerrimo nemico di Zorro. Diego non riesce a evitare che, con le sconfitte di Napoleone sul suolo iberico, Tomàs de Romeu venga imprigionato e fucilato, ma si fa carico delle ragazze e in seguito a uno scontro con Moncada è costretto a lasciare l'Europa. Dopo un seminaufragio a poche leghe dall'America, la nave viene assaltata dai pirati che prendono Diego e le ragazze come ostaggi. La situazione si ribalta quando Juliana s'innamora del corsaro che l'ha rapita e decide di rimanere con lui in Louisiana. Con il cuore spezzato, Diego torna in California e scopre che la regione è finita sotto il governo di Moncada, recatosi in America per ritrovare Juliana. Il suo primo atto giuridico è la confisca dei beni di Alejandro de la Vega e la sua incarcerazione. Nei panni di Zorro, e grazie al prezioso aiuto di Isabel e Bernardo, Diego riesce a liberare il padre e a cacciare Moncada dalla California.";;;Azione e avventura;3.80;05/23/2026;;;;;;;;Sx5;
1984;"Orwell, George; Manferlotti, Stefano";Mondadori;2016-06-21;Copertina flessibile;323;;;ita;9788804668237;;https://www.goodreads.com/book/show/30812729-1984;;;https://i.gr-assets.com/images/S/compressed.photo.goodreads.com/books/1467220369l/30812729._SX98_.jpg;"La guerra è pace. La libertà è schiavitù. L'ignoranza è forza

1984. Il mondo è diviso in tre superstati in guerra fra loro: Oceania, Eurasia ed Estasia. L'Oceania, la cui capitale è Londra, è governata dal Grande Fratello, che tutto vede e tutto sa. I suoi occhi sono le telecamere che spiano di continuo nelle case, il suo braccio la psicopolizia che interviene al minimo sospetto. Tutto è permesso, non c'è legge scritta. Niente, apparentemente, è proibito. Tranne pensare. Tranne amare, Tranne divertirsi. Insomma: tranne vivere, se non secondo i dettami del Grande Fratello. Dal loro rifugio, in uno scenario desolante, solo Winston Smith e Julia lottano disperatamente per conservare un granello di umanità...";;;Classics;4.20;05/23/2026;;;;;;;;Sx4;3.0.0
7-7-2007;Manzini, Antonio;Sellerio Editore Palermo;2016-07-07;Copertina flessibile;369;Rocco Schiavone;;Italiano;9788838935404;;https://www.amazon.it/dp/8838935408?tag=handylibitaly-21&linkCode=osi&th=1&psc=1;;;https://m.media-amazon.com/images/I/41Kgxk4hrEL._SL500_.jpg;"«Lo sai cosa lasciamo di noi? Una matassa ingarbugliata di capelli bianchi da spazzare via da un appartamento vuoto».
Rocco Schiavone è il solito scorbutico, maleducato, sgualcito sbirro che abbiamo conosciuto nei precedenti romanzi che raccontano le sue indagini. Ma in questo è anche, a modo suo, felice. E infatti qui siamo alcuni anni prima, quando la moglie Marina non è ancora diventata il fantasma del rimorso di Rocco: è viva, impegnata nel lavoro e con gli amici, e capace di coinvolgerlo in tutti gli aspetti dell’esistenza. Prima di cadere uccisa. E qui siamo quando tutto è cominciato.
Nel luglio del 2007 Roma è flagellata da acquazzoni tropicali e proprio nei giorni in cui Marina se ne è andata di casa perché ha scoperto i «conti sporchi» di Rocco, al vicequestore capita un caso di bravi ragazzi. Giovanni Ferri, figlio ventenne di un giornalista, ottimo studente di giurisprudenza, è trovato in una cava di marmo, pestato e poi accoltellato. Schiavone comincia a indagare nella vita ordinata e ordinaria dell’assassinato. Giorni dopo il corpo senza vita di un amico di Giovanni è scoperto, in una coincidenza raccapricciante, per strada. Matteo Livolsi, questo il suo nome, è stato finito anche lui in modo violento ma stavolta una strana circostanza consente di agganciarci una pista: non c’è sangue sul cadavere. Adesso, l’animale da fiuto che c’è dentro Rocco Schiavone può mettersi, con la spregiudicatezza e la sete di giustizia di sempre, sulle tracce «del figlio di puttana che ha accoltellato due ventenni alla base del cranio». Ma se fosse la storia di un balordo solitario, sarebbe troppo liscia. Rocco invece ha un appuntamento con il fato tragico, e non sa di averlo. E quell’appuntamento gli lascia in eredità un nemico appostato quasi dieci anni dopo, quando, finito il ricordo, si ritorna al presente e Rocco ha da chiudere definitivamente il caso.
Il ritmo dei noir di Antonio Manzini dà il senso di un meccanismo dai mille ingranaggi che non perde mai un colpo, che gira all’unisono col travaglio esistenziale di un personaggio che resta nella mente, mentre lo sguardo di chi lo muove si posa critico e triste sulla realtà sociale dei tempi che corrono.";;;Trade (local);4.27;05/23/2026;;;;;;;;Sx4;257
Analisi matematica (Vol. 2);Giusti, Enrico;Bollati Boringhieri;1989-05-09;Copertina flessibile;368;;2;Italiano;9788833954417;;https://www.amazon.it/dp/8833954412?tag=handylibitaly-21&linkCode=osi&th=1&psc=1;;;https://m.media-amazon.com/images/I/41BDMpYZ4+L._SL500_.jpg;;;;Matematica;0;05/24/2026;;;;;;;;Sx4;MM/DD/YYYY
Analisi matematica 1;Giusti, Enrico;Bollati Boringhieri;;Copertina flessibile;293;;;ita;9788833950259;;https://www.goodreads.com/book/show/31197421-analisi-matematica-1;;;https://i.gr-assets.com/images/S/compressed.photo.goodreads.com/books/1691157455l/31197421._SX98_.jpg;"Prima edizione

Il corso è diviso in due volumi (di cui questo è il primo), ognuno corrispondente a due semestri.

Questo primo volume contiene essenzialmente l'analisi delle funzioni di una variabile, e può essere utilizzato per un corso di due semestri, eventualmente con l'aggiunta di elementi di calcolo infinitesimale in più variabili. Per non eliminare del tutto argomenti importanti, che tradizionalmente facevano parte del programma del secondo anno, è stata aggiunta una breve trattazione delle equazioni differenziali più semplici e di largo uso, e una discussione degli spazi a più dimensioni e delle funzioni di più variabili. 

L'impostazione è mantenuta al livello più semplice possibile, in modo da ridurre al massimo le parti essenzialmente tecniche. In ogni caso, pur con queste aggiunte e revisioni, l'impianto complessivo del primo volume resta quello ormai collaudato delle edizioni precedenti.

Il secondo volume registra i cambiamenti maggiori, per tener conto della possibilità e delle necessità di un corso di analisi basato su tre semestri. 

Il terzo semestre, che in alcuni casi sarà quello conclusivo, prevede lo studio del calcolo infinitesimale in più variabili (integrale di Riemann), delle serie di funzioni e della geometria differenziale delle curve e delle superfici.

I tre semestri così organizzati permettono di dare agli studenti una preparazione soddisfacente anche se di carattere elementare.

Infine la materia del quarto semestre contiene le forme e le equazioni differenziali, l'integrale e la misura di Lebesgue (introdotto a partire dall'integrale di Riemann) e un'introduzione agli spazi funzionali.

Cfr. link: Analisi matematica 2";;;Matematica;3.94;05/24/2026;;;;;;;;Sx4;YYYY-MM-DD
Architettura dei calcolatori. Un approccio strutturale;"Tanenbaum, Todd Austin Andrew S.; Austin, Todd; D'Antona, O.; Codara, Pietro";Pearson;2013-09-12;Copertina flessibile;800;;;Italiano;9788871929620;;https://www.amazon.it/dp/8871929624?tag=handylibitaly-21&linkCode=osi&th=1&psc=1;;;https://m.media-amazon.com/images/I/41d4JYBU+vL._SL500_.jpg;;;;Scienza dei calcolatori;4.75;05/24/2026;;;;;;;;Sx4;05/24/2026
Basi di dati. Concetti, linguaggi e architetture;VV, AA;McGraw-Hill Education;2003-02-01;Copertina flessibile;620;;;Italiano;9788838608247;;https://www.amazon.it/dp/8838608245?tag=handylibitaly-21&linkCode=osi&th=1&psc=1;;;https://m.media-amazon.com/images/I/414OuiHsuLL._SL500_.jpg;;;;Database;;05/24/2026;;;;;;;;Sx4;
Breve storia di (quasi) tutto;"Bryson, Bill; Fillioley, Mario";Guanda;2014-07-24;Ebook;744;;;Italiano;9788882467708;;https://www.amazon.it/dp/B00M87M0G0?tag=handylibitaly-21&linkCode=osi&th=1&psc=1;;;https://m.media-amazon.com/images/I/51s9sfSLQLL._SL500_.jpg;Viviamo in un pianeta di cui si sa poco o addirittura quasi nulla. Quanto è grande? Quali leggi ne governano il moto, la natura, i fenomeni? E per questo che Bryson si è convinto che, prima di lasciarlo, sia giusto provare a conoscerlo un po' meglio, usare la propria intelligenza e curiosità per scoprirne le regole e i segreti. E allora parte per un viaggio molto diverso da quelli che ha raccontato negli ultimi anni, un viaggio che lo conduce nel mondo delle scoperte e delle conoscenze scientifiche, narrando la storia dell'universo come se fosse un romanzo, facendo comprendere, senza difficoltà inutili, la teoria della relatività, i segreti chimici del big bang, le leggi dell'evoluzionismo, con una prosa ironica e divertente.;;;Scienze, tecnologia e medicina;4.22;05/24/2026;;;;;;;;Sx4;
Cinque indagini romane per Rocco Schiavone;Manzini, Antonio;Sellerio Editore Palermo;2016-01-28;Copertina flessibile;248;Rocco Schiavone;;Italiano;9788838934452;;https://www.amazon.it/dp/8838934452?tag=handylibitaly-21&linkCode=osi&th=1&psc=1;;;https://m.media-amazon.com/images/I/51nDFm17bIL._SL500_.jpg;"Questo volume riunisce i racconti pubblicati in diverse antologie di questa casa editrice, a partire da Capodanno in giallo. Raccolti assieme, permettono di ricostruire quello che può chiamarsi l’antefatto di un personaggio che ha oggi vasta notorietà letteraria, il vicequestore Rocco Schiavone. Un poliziotto tutt’altro che buonista, piuttosto eccentrico nei panni del nemico del crimine. Di mattina, per darsi lo slancio si accende uno spinello; quando capita, non disdegna qualche affaruccio con la refurtiva di un colpo sventato; è rozzo con tutti, brutale con i cattivi, impaziente con le donne. Ciononostante chi legge le sue avventure lo vorrebbe amico.
Per punizione, i comandi lo trasferiranno in mezzo alla neve di Aosta, dove sono ambientati i romanzi che gli hanno dato tanta notorietà. Intanto, nelle storie di questo volume, lo incontriamo prima del forzato trasloco. Sa che sta per dire addio alla città amata, ma non sa quale sia il suo destino. In questa incertezza, il passato lo stringe da ogni parte scolpendo il suo pessimismo, nutrendo la sua malinconia.
Percorre Roma, luoghi familiari, vecchie conoscenze, mentre nel suo modo sfaticato intuisce soluzioni impensate agli enigmi criminali. E questi hanno sempre sfondi di oscura umanità. Tanto che i suoi difetti appaiono l’altra faccia, necessariamente antiretorica, della medaglia della viva pietà per i derelitti e del grande dolore che una volta gli ha straziato il cuore. Insomma, sembra una specie di angelo caduto.";;;Gialli e thriller;3.82;05/23/2026;;;;;;;;Sx4;
Codici & segreti. La storia affascinante dei messaggi cifrati dall'antico Egitto a Internet;"Singh, Simon; Galli, Stefano";Rizzoli;2001-04-18;Copertina flessibile;414;;;Italiano;9788817125390;;https://www.amazon.it/dp/8817125393?tag=handylibitaly-21&linkCode=osi&th=1&psc=1;;;https://m.media-amazon.com/images/I/51e69kRSnML._SL500_.jpg;"THE CODE BOOK
b Lets look at the struggles of cryptography and decryption, the scientific legacy built up in the evolution of cryptography, the present of computer security, and the future of quantum computers b Combined with an interesting story about history and the secret achievements of cryptography that evolved through the struggles of production and decipherment, this book is another work by Simon Singh, who wrote `` The Last Theorem of Perma and `` The Big Bang. to be. Singh brings exciting life to the secret world of cryptographers and cryptographers, from the book to ancient Egyptians to the modern information society of the Internet age.
";;;Biblioteche e catalogazione;4.30;05/24/2026;;;;;;;;Sx4;
Crittografia e sicurezza delle reti;Stallings, William;McGraw-Hill Education;2007-01-01;Copertina flessibile;694;;;Italiano;9788838663772;;https://www.amazon.it/dp/8838663777?tag=handylibitaly-21&linkCode=osi&th=1&psc=1;;;https://m.media-amazon.com/images/I/41h5LG7aunL._SL500_.jpg;"""For one-semester, undergraduate- or graduate-level courses in Cryptography, Computer Security, and Network Security. The book is suitable for self-study and so provides a solid and up-to-date tutorial. The book is also a comprehensive treatment of cryptography and network security and so is suitable as a reference for a system engineer, programmer, system manager, network manager, product marketing personnel, or system support specialist.""

""A practical survey of cryptography and network security with unmatched support for instructors and students""

In this age of universal electronic connectivity, viruses and hackers, electronic eavesdropping, and electronic fraud, security is paramount. This text provides a practical survey of both the principles and practice of cryptography and network security. First, the basic issues to be addressed by a network security capability are explored through a tutorial and survey of cryptography and network security technology. Then, the practice of network security is explored via practical applications that have been implemented and are in use today. An unparalleled support package for instructors and students ensures a successful teaching and learning experience.";;;Sicurezza informatica;4.08;05/24/2026;;;;;;;;Sx4;
Da ora in poi;Proietti, Catia;Il Ciliegio;2018-05-03;Copertina flessibile;220;;;Italiano;9788867715084;;https://www.amazon.it/dp/8867715089?tag=handylibitaly-21&linkCode=osi&th=1&psc=1;;;https://m.media-amazon.com/images/I/61TQlSY2VDL._SL500_.jpg;;;;Narrativa contemporanea;3.76;05/24/2026;;;;;;;;Sx4;
Disputa su Dio e dintorni;"Augias, Corrado; Mancuso, Vito";Mondadori;2018-02-27;Copertina flessibile;269;;;Italiano;9788804600923;;https://www.amazon.it/dp/8804600926?tag=handylibitaly-21&linkCode=osi&th=1&psc=1;;;https://m.media-amazon.com/images/I/41i5xfY17FL._SL500_.jpg;"In queste pagine il non credente Corrado Augias e il credente Vito Mancuso si sfidano in una sorta di disputa d'altri tempi. Si parla di Dio, naturalmente, come dichiara il titolo del libro. Ma anche della vita; più precisamente la vita di ogni giorno, con gli interrogativi etici ed esistenziali ai quali tutti siamo chiamati a rispondere. Un dialogo serrato e stimolante in cui, partendo dal problema di tutti i problemi, Dio, la sua esistenza, la sua importanza per la vita, si affrontano i temi più disparati: l'evoluzione, il rapporto fede-scienza, l'eutanasia, l'accanimento terapeutico, lo scandalo del male, l'illuminismo, il Gesù storico, la Madonna e i suoi dogmi, la Trinità, le ingerenze politiche della Chiesa. Il più grande filosofo laico del Novecento italiano, Norberto Bobbio, diceva che «la vera differenza non è tra chi crede e chi non crede, ma tra chi pensa e chi non pensa». Questo libro si rivolge a tutti coloro che vogliono pensare.";;;Cristianesimo;3.76;05/24/2026;;;;;;;;Sx4;
Elementi di logica matematica;Novikov, Petr Sergeevic;Editori Riuniti;1975;Copertina flessibile;;;;;;;;/Pictures/Icons/elementi di l…a matematica_20260524_125947.jpg;/Pictures/Photos/elementi di l…a matematica_20260524_125947.jpg;;;;;;;05/24/2026;;;;;;;;Sx4;
Elettrotecnica generale. Per gli Ist. Tecnici industriali;Pezzi, Mario;Zanichelli;2009-07-26;Copertina flessibile;632;;;Italiano;9788808025722;;https://www.amazon.it/dp/8808025721?tag=handylibitaly-21&linkCode=osi&th=1&psc=1;;;https://m.media-amazon.com/images/I/51OHMOCw62L._SL500_.jpg;;;;Testi di formazione e consultazione;;05/24/2026;;;;;;;;Sx4;
ELP;Manzini, Antonio;Sellerio Editore Palermo;2023-06-06;Copertina flessibile;436;Rocco Schiavone;;Italiano;9788838945496;;https://www.amazon.it/dp/8838945497?tag=handylibitaly-21&linkCode=osi&th=1&psc=1;;;https://m.media-amazon.com/images/I/41RqUuwvmHL._SL500_.jpg;Non si fa che parlare dell'ELP, l'Esercito di Liberazione del Pianeta. Il vicequestore Rocco Schiavone guarda con simpatia mista al solito scetticismo ai gesti clamorosi di questi disobbedienti che liberano eserciti di animali d'allevamento in autostrada. Semmai è incuriosito dal loro segno di riconoscimento che si diffonde come un contagio tra ragazze e ragazzi. La vera violenza sta però da un'altra parte e quando Rocco viene a sapere di una signora picchiata dal marito non si trattiene, «come una belva sfoga la sua rabbia incontenibile»: «un buon suggerimento» per comportamenti futuri. Solo che lo stesso uomo l'indomani viene trovato ucciso con un colpo di pistola alla fronte. Uno strano assassinio, su cui Schiavone deve aprire un'inchiesta da subito contorta da fatti personali (comici e tragici). Per quanto fortuna voglia che facciano squadra clandestinamente anche i vecchi amici senza tetto né legge di Trastevere, Brizio e Furio, che corrispondono al suo naturale sentimento contro il potere. Nel caso è implicata una società che sembra una pura copertura. Ma dietro questa copertura, qualcosa stride e fa attrito fino a bloccare completamente Rocco sull'orlo della soluzione del caso. Intanto crescono in aggressività gli atti dell'ELP fino a un attentato che provoca la morte di un imprenditore di una fabbrica di pellami. Indagando, Rocco si rende conto che forse, dal punto di vista della sensibilità ambientale, sullo stabilimento non c'è molto da ridire. Ma perché i «simpatici» ambientalisti sono giunti a tanto? ELP è particolarmente narrativa e mette sotto un unico segno due casi e due inchieste. Le riunisce lo sfondo di calda attualità sociale. Anche il brusco vicequestore è più ombroso e stanco, sente più acutamente quanto importante sia l'amicizia, e deve investire nell'indagine tutta la sua irruente e sincera passionalità, e tutta la tenerezza della sua invincibile malinconia.;;;Narrativa di genere;4.10;05/23/2026;;;;;;;;Sx4;
Era di maggio;Manzini, Antonio;Sellerio Editore Palermo;2015-07-23;Copertina flessibile;381;Rocco Schiavone;;Italiano;9788838933745;;https://www.amazon.it/dp/883893374X?tag=handylibitaly-21&linkCode=osi&th=1&psc=1;;;https://m.media-amazon.com/images/I/41gVEOC9nkL._SL500_.jpg;"«Mettilo agli atti, Italo. In una notte di maggio, alle ore una e dieci, al vicequestore Rocco Schiavone piomba addosso una rottura di decimo grado!». Gli agenti del commissariato di Aosta, che stanno imparando a convivere con la scorza spinosa che ricopre il suo cuore ferito, scherzano con la classifica delle rotture del loro capo, in cima alla quale c’è sempre il caso su cui sta indagando. Ma Rocco è prostrato per davvero. Una donna è morta al posto suo, la fidanzata di un amico di Roma, «seccata» da qualcuno che voleva colpire lui. E quando esce dalla depressione si butta sulle tracce di quell’assassino tra Roma ed Aosta, scavando dolorosamente nel proprio passato, alla ricerca del motivo della vendetta, un viaggio nel tempo che è come una ferita che si apre su una piaga che non ha ancora smesso di sanguinare. Però le rotture sono solo cominciate: un altro cadavere archiviato all’inizio come infarto. Un altro viaggio che si inoltra stavolta nel presente dorato della città degli insospettabili.
In questo quarto romanzo, prosegue la serie dei polizieschi scabri, realistici e immersi nell’amara ironia di Rocco Schiavone.
Ma in realtà, attraverso le diverse avventure di un poliziotto politicamente scorretto, si svolge un unico racconto. Il racconto della vita di un uomo che si scontra con la impunita e pervasiva corruzione del privilegio sociale, nel disincanto assoluto dell’Italia d’oggi. Un personaggio brutale perché la tenerezza che lo anima sarebbe debolezza, incapace d’amare perché pieno di un amore totale per chi adesso è solo un fantasma, cinico perché la disonestà sembra aver vinto. Un personaggio di una verità e una profondità tali da sembrare che viva di vita propria.";;;Gialli e thriller;4.06;05/23/2026;;;;;;;;Sx4;
Exit Music: The number one bestselling series that inspired BBC One’s REBUS (Inspector Rebus Book 17) (English Edition);Rankin, Ian;Orion;2008-09-18;Ebook;515;Inspector Rebus;17;Inglese;9780752893518;;https://www.amazon.it/dp/B002UQHYIS?tag=handylibitaly-21&linkCode=osi&th=1&psc=1;;;https://m.media-amazon.com/images/I/51h5RLz2BpL._SL500_.jpg;"It's late in the fall in Edinburgh and late in the career of Detective Inspector John Rebus. As he is simply trying to tie up some loose ends before his retirement, a new case lands on his desk: a dissident Russian poet has been murdered in what looks like a mugging gone wrong. 
Rebus discovers that an elite delegation of Russian businessmen is in town, looking to expand its interests. And as Rebus's investigation gains ground, someone brutally assaults a local gangster with whom he has a long history.
Has Rebus overstepped his bounds for the last time? Only a few days shy of the end to his long, controversial career, will Rebus even make it that far?";;;Narrativa contemporanea;4.13;05/24/2026;;;;;;;;Sx4;
Fisica teorica 1: Meccanica;"Landau, L.D.; Lifsits, Evgenij M.";Editori Riuniti;;Copertina flessibile;237;Course of Theoretical Physics;;ita;9788835947585;;https://www.goodreads.com/book/show/36928266-fisica-teorica-1;;;https://s.gr-assets.com/assets/nophoto/book/111x148-675b3b2743c83e96e2540d2929d5f4d2.png;Mechanics (Course of Theoretical Physics, Volume 1);;;Physics;4.40;05/24/2026;;;;;;;;Sx4;
Fra tempo e vita;Storchi, Federico;Marna;1990-01-01;Copertina flessibile;168;;;Italiano;9788872030011;;https://www.amazon.it/dp/8872030013?tag=handylibitaly-21&linkCode=osi&th=1&psc=1;;;https://m.media-amazon.com/images/I/11zMj8GZHEL._SL500_.jpg;;;;Narrativa contemporanea;2.00;05/24/2026;;;;;;;;Sx4;
I moderni sistemi operativi. Ediz. MyLab. Con aggiornamento online;"Tanenbaum, Andrew S.; Bos, Herbert; Crispo, Bruno; Palazzi, Claudio";Pearson;2019-09-02;Copertina flessibile;629;;;Italiano;9788891906250;;https://www.amazon.it/dp/8891906255?tag=handylibitaly-21&linkCode=osi&th=1&psc=1;;;https://m.media-amazon.com/images/I/51QMNfpyG5L._SL500_.jpg;;;;Sistemi operativi;;05/24/2026;;;;;;;;Sx4;
I moderni sistemi operativi. Ediz. MyLab. Con aggiornamento online;"Tanenbaum, Andrew S.; Bos, Herbert; Crispo, Bruno; Palazzi, Claudio";Pearson;2019-09-02;Copertina flessibile;629;;;Italiano;9788891906250;;https://www.amazon.it/dp/8891906255?tag=handylibitaly-21&linkCode=osi&th=1&psc=1;;;https://m.media-amazon.com/images/I/51QMNfpyG5L._SL500_.jpg;;;;Sistemi operativi;;05/24/2026;1;;;;;;;Sx4;
I PRIMI TRE MINUTI L'affascinante storia dell'origine dell'universo I grandi libri della scienza contemporanea;;;;Copertina rigida;100;;;Italiano;;;https://www.amazon.it/dp/B0CL4TZ731?tag=handylibitaly-21&linkCode=osi&th=1&psc=1;;;https://m.media-amazon.com/images/I/41w4WZf21gL._SL500_.jpg;;;;Categorie;;05/24/2026;;;;;;;;Sx4;
Il conte di Montecristo;Dumas, Alexandre;Rizzoli;1999-01-01;CD;0;;;Italiano;9788817150392;;https://www.amazon.it/dp/8817150398?tag=handylibitaly-21&linkCode=osi&th=1&psc=1;;;https://m.media-amazon.com/images/I/21sVHsZRkwL._SL500_.jpg;;;;Classici;;05/24/2026;;;;;;;;Sx4;
Il mestiere del potere. Dal taccuino di un lobbista;Cattaneo, Alberto;Laterza;2018-04-12;Copertina flessibile;189;;;Italiano;9788858131336;;https://www.amazon.it/dp/8858131339?tag=handylibitaly-21&linkCode=osi&th=1&psc=1;;;https://m.media-amazon.com/images/I/514fBtsSVnL._SL500_.jpg;"
«I lobbisti, lo si è detto, non sono il potere. Ma al potere sono vicini. Se c'è una camera dove il potere abita, il lobbista sicuramente abiterà la stanza antistante quella camera: l'anticamera del potere. Ma non siamo i maghi dell'emendamento notturno, né vogliamo essere i vassalli di un potere debole incapace di decidere.»



Un lobbista di successo ci racconta cosa avviene in quella stanza, come funzionano i meccanismi del potere e perché oggi sono così deboli e fragili.



Di potere e di lobby di questi tempi si parla e si scrive molto. Molti – in Italia e nel mondo – sono convinti che potere politico e lobby operino in modo poco trasparente, quasi mai controllabile, spesso ai confini della legalità. Per avere risposte, la cosa migliore è dare la parola a qualcuno che, dall'interno di questo mondo tanto chiacchierato quanto poco conosciuto, racconti il ruolo dei lobbisti e le motivazioni dei loro clienti – aziende tradizionali, imprese della new economy, distretti produttivi, grandi aggregazioni professionali, conosciute associazioni no profit. Così Alberto Cattaneo, socio fondatore di una delle più note società di lobbying in Italia, racconta dall'interno gli aspetti fondamentali, le modalità, i momenti quotidiani e gli snodi cruciali di questa attività. Emergono finalmente i contorni esatti, i chiaroscuri, i nodi ancora da sciogliere di una professione impegnativa e cruciale: i dossier affrontati, le battaglie vinte e perse, il misurarsi quotidiano con una classe dirigente scorta da un osservatorio privilegiato. Un libro che racconta come e dove molte decisioni cruciali maturano e vengono prese. In altre parole: un libro necessario per guardare all'interno del rapporto tra potere e democrazia.

";;;Politica;3.76;05/24/2026;;;;;;;;Sx4;
Il piacere di scoprire;"Feynman, Richard P.; Giberti, Maria Grazia; Gilberti, Grazia";Adelphi;2002-10-02;Copertina flessibile;284;;;Italiano;9788845917226;;https://www.amazon.it/dp/8845917223?tag=handylibitaly-21&linkCode=osi&th=1&psc=1;;;https://m.media-amazon.com/images/I/31uq6Kv-4lL._SL500_.jpg;All'indomani del disastro dello Space Shuttle Challenger, nel 1986, il presidente degli Stati Uniti istituì una commissione governativa incaricata di far luce sulle cause della tragica esplosione. A farne parte fu chiamato anche Richard Feynman, e furono in molti a chiedersi quale apporto potesse dare, fra ingegneri, astronauti e tecnici aerospaziali, un sia pur celebre fisico teorico. Ma fu proprio Feynman a dimostrare, fra lo sbalordimento generale, che l'incidente era stato causato da una semplice guarnizione di gomma. La relazione che presentò figura in questo libro che raccoglie saggi di diverso argomento: dalla sociologia della scienza alla struttura dei calcolatori, dalla pedagogia al rapporto tra scienze e religione.;;;Scienze biologiche;4.22;05/24/2026;;;;;;;;Sx4;
Il quinto giorno;"Schätzing, Frank; Vicini, Sergio";TEA;2010-03-01;Copertina flessibile;1032;;;ita;9788850221066;;https://www.goodreads.com/book/show/13616877-il-quinto-giorno;;;https://i.gr-assets.com/images/S/compressed.photo.goodreads.com/books/1335377349l/13616877._SX98_.jpg;"14 gennaio. Huanchaco, costa del Perú. Il povero pescatore Juan Narciso Ucañan non crede ai suoi occhi: dopo lunghe settimane di magra, davanti a lui si stende un enorme banco di pesci. Ma ben presto il terrore cancella la sua felicità: i pesci, muovendosi come un unico essere, prima gli distruggono la rete, poi rovesciano la sua barca e infine si compattano, impedendogli di tornare in superficie. E, prima di morire, Ucañan scorge qualcosa che serpeggia verso di lui... 
13 marzo. Costa norvegese. A bordo della nave oceanografica Thorvaldson, il biologo marino Sigur Johanson e Tina Lund, responsabile della Statoil per la scoperta di giacimenti petroliferi, guardano sconcertati il monitor che rimanda le immagini di un robot calato sul fondo del mare: milioni di «vermi» sembrano aver invaso lo zoccolo continentale. Cosa sono? Da dove vengono? E, soprattutto, perché sono così tanti? 
5 aprile. Vancouver Island, Canada. Leon Anawak fa da guida ai turisti che vogliono osservare le balene nelle acque della British Columbia. Da qualche tempo, però, gli enormi mammiferi marini non si vedono più, come se si fossero «smarriti» da qualche parte. Poi, improvvisamente, riappaiono e si comportano in modo del tutto anomalo, arrivando addirittura ad attaccare la Barrier Queen, un cargo da sessantamila tonnellate. Ed è proprio sullo scafo di quella nave che Leon scopre una gigantesca colonia di mitili... 
Tre avvenimenti lontani, un unico tratto comune: il mare. Un mondo brulicante di esseri misteriosi, un universo di cui si conosce a malapena la superficie, un enigma che avvolge i sette decimi del nostro pianeta. Dall’Europa all’America, dal Polo Nord al Giappone, il mondo intero dovrà confrontarsi con questo enigma: scienziati, militari, capi di governo e individui comuni saranno trascinati in un’avventura senza precedenti, verso uno scontro titanico in cui si deciderà se la specie umana può avere ancora un futuro. Perché nessuno può sapere cos’è veramente successo nel quinto giorno della creazione. Fino a ora...";;;Science-fiction;4.11;05/24/2026;;;;;;;;Sx4;
Il senso delle cose;"Feynman, Richard P.; Servidei, Laura";Adelphi;1999-06-23;Copertina flessibile;126;;;Italiano;9788845914638;;https://www.amazon.it/dp/8845914631?tag=handylibitaly-21&linkCode=osi&th=1&psc=1;;;https://m.media-amazon.com/images/I/310dNrK5DHL._SL500_.jpg;"A un uditorio che si presume esilarato un Feynman in forma smagliante lancia le sue provocazioni intellettuali, spiegando col suo stile immediato e antiretorico in che consiste il metodo scientifico; mostrando, ad esempio, come sovente un’ipotesi da «quasi certamente» falsa possa diventare «quasi certamente» vera. O viceversa. Nel «quasi» è il succo di tutto il suo argomentare, un misto accattivante di vera-falsa ingenuità e di spietata astuzia analitica che lo porta a vagabondare al di fuori della fisica, nelle regioni di confine, dall’etica alla religione alla politica, a chiedersi il perché delle cose, della vita, di tutto, mosso da una curiosità insopprimibile, fanciullesca. «Ho firmato un contratto, mi renderò ridicolo» dice. Ma è chiaro che sta giocando. L’incertezza chiamata in causa da Feynman non significa abdicazione della ragione in favore di nuove e nebulose forme di conoscenza, non evoca luttuosi scenari di finis scientiae, ma rimanda alle origini e all’essenza stessa del sapere d’Occidente. In questa visione il dubbio, assunto quasi a condizione esistenziale, apre alla mente indagatrice spazi di libertà e di sperimentazione, per rinnovare continuamente la sfida all’ignoto. Il senso delle cose, apparso per la prima volta nel 1998, raccoglie tre conferenze tenute da Feynman nell’aprile del 1963 presso l’Università di Washington, nel quadro delle John Danz Lectures Series.";;;Scienze, tecnologia e medicina;3.96;05/24/2026;;;;;;;;Sx4;
Intelligenza artificiale. Un approccio moderno. Ediz. MyLab (Vol. 2);"Author, Unknown; Norvig, Peter; Amigoni, Francesco";Pearson;2022-03-11;Copertina flessibile;432;;2;Italiano;9788891927484;;https://www.amazon.it/dp/8891927481?tag=handylibitaly-21&linkCode=osi&th=1&psc=1;;;https://m.media-amazon.com/images/I/51vrLX6mWKL._SL500_.jpg;;;;Scienza dei calcolatori;0;05/24/2026;;;;;;;;Sx4;
Intelligenza artificiale. Un approccio moderno. Ediz. mylab (Vol.);"Author, Unknown; Norvig, Peter; Amigoni, Francesco; Gaburri, S.";Pearson;2021-08-11;Copertina flessibile;672;;;Italiano;9788891904454;;https://www.amazon.it/dp/8891904457?tag=handylibitaly-21&linkCode=osi&th=1&psc=1;;;https://m.media-amazon.com/images/I/51HzJDOltJL._SL500_.jpg;;;;Scienza dei calcolatori;0;05/24/2026;;;;;;;;Sx4;
Introduzione all'apprendimento statistico. Con applicazioni in r;"Author, Unknown; Witten, D.; Hastie, T.; Tibshirani, R.";Piccin-Nuova Libraria;2020-11-30;Copertina flessibile;428;;;Italiano;9788829930944;;https://www.amazon.it/dp/8829930946?tag=handylibitaly-21&linkCode=osi&th=1&psc=1;;;https://m.media-amazon.com/images/I/41F1Q-CmgDL._SL500_.jpg;;;;Salute pubblica e medicina preventiva;0;05/24/2026;;;;;;;;Sx4;
Introduzione all'ingegneria del software. Ediz. Mylab. Con Contenuto digitale per accesso online;"Sommerville, Ian; Micucci, Daniela; Postinghel, Paolo";Pearson;2017-02-02;Copertina flessibile;638;;;Italiano;9788891902245;;https://www.amazon.it/dp/8891902241?tag=handylibitaly-21&linkCode=osi&th=1&psc=1;;;https://m.media-amazon.com/images/I/412tewfwuXL._SL500_.jpg;;;;Programmazione;3.00;05/24/2026;;;;;;;;Sx4;
L'Italia dei Comuni: Il Medio Evo dal 1000 al 1250;"Montanelli, Indro; Gervaso, Roberto";BUR Biblioteca Univ. Rizzoli;;Copertina flessibile;320;Storia d'Italia;;ita;9788817118095;;https://www.goodreads.com/book/show/7156456-l-italia-dei-comuni;;;https://i.gr-assets.com/images/S/compressed.photo.goodreads.com/books/1299066217l/7156456.jpg;Dai secoli bui all'affermazione dei Comuni, le prime quattro crociate, la Chiesa e gli eretici (o presunti tali), Matilde di Canossa ed Enrico IV, Arnaldo da Brescia, Federico Barbarossa, Federico II, l'Inquisizione, l'urbanesimo e la rinascita delle città, le repubbliche marinare...;;;Storia;4.02;05/24/2026;;;;;;;;Sx4;
L'Italia dei secoli bui: Il Medio Evo sino al Mille;"Montanelli, Indro; Gervaso, Roberto";Rizzoli;;Copertina flessibile;;Storia d'Italia;;ita;9788817118064;;https://www.goodreads.com/book/show/9753016-l-italia-dei-secoli-bui;;;https://i.gr-assets.com/images/S/compressed.photo.goodreads.com/books/1403868244l/9753016._SX98_.jpg;"La caduta dell’Impero Romano è stato un processo lento e complicato, iniziato – ben prima del sacco di Roma – con l’avvicinarsi ai confini di quelle stesse tribù che avevano invaso la Cina, e proseguito attraverso gli anni di Costantino e Teodosio. Comincia così per l’Italia un lungo periodo oscuro: le città vengono abbandonate, eserciti barbari percorrono il Paese depredandolo, devastandolo e seminando terrore. Fino al fatidico Anno Mille si susseguono secoli di ferro e di sangue, di lutti e di invasioni. È il momento più difficile da raccontare nella storia italiana: le fonti sono poche e insicure, e gli avvenimenti “di casa nostra” non si possono isolare da quelli del resto d’Europa; come dicono gli autori: “Forse mai il nostro continente è stato così unito e interdipendente come in quest’epoca afflitta da mancanza di strade e di mezzi di trasporto e di comunicazione”. Indro Montanelli e Roberto Gervaso ci presentano i ritratti dei protagonisti nei quali cogliere i segni del costume, della civiltà e del suo evolvere: Attila, Alarico, Odoacre, Galla Placidia, Gregorio il Grande, Carlomagno e gli Ottoni, i Santi, i Padri e i riformatori della Chiesa. Il passaggio dall’Impero ai Comuni, la società feudale, il rapporto città-campagna, lo scontro tra la nobiltà guerriera legata alla terra e la nascente borghesia urbana: questi gli elementi del grande mosaico che ci ritroviamo a osservare, e il risultato è uno strumento d’informazione chiaro e al contempo una lettura appassionante.";;;Historia;3.84;05/24/2026;;;;;;;;Sx4;
L'ombra del vento;"Zafón, Carlos Ruiz; Sezzi, Lia";A. Mondadori;2004-05-01;Copertina rigida;441;El cementerio de los libros olvidados;;ita;9788804527336;;https://www.goodreads.com/book/show/8514980-l-ombra-del-vento;;;https://i.gr-assets.com/images/S/compressed.photo.goodreads.com/books/1289855859l/8514980._SX98_.jpg;"Una mattina del 1945 il proprietario di un modesto negozio di libri usati conduce il figlio undicenne, Daniel, nel cuore della città vecchia di Barcellona al Cimitero dei Libri Dimenticati, un luogo in cui migliaia di libri di cui il tempo ha cancellato il ricordo, vengono sottratti all'oblio. Qui Daniel entra in possesso del libro ""maledetto"" che cambierà il corso della sua vita, introducendolo in un labirinto di intrighi legati alla figura del suo autore e da tempo sepolti nell'anima oscura della città. Un romanzo in cui i bagliori di un passato inquietante si riverberano sul presente del giovane protagonista, in una Barcellona dalla duplice identità: quella ricca ed elegante degli ultimi splendori del Modernismo e quella cupa del dopoguerra.";;;Favorites;4.31;05/24/2026;;;;;;;;Sx4;
L'ultimo teorema di Fermat;"Singh, Simon; Capararo, Carlo; Lotti, Brunello";Rizzoli;1999-03-10;Copertina flessibile;360;;;Italiano;9788817112918;;https://www.amazon.it/dp/8817112917?tag=handylibitaly-21&linkCode=osi&th=1&psc=1;;;https://m.media-amazon.com/images/I/61ly4MUjdxL._SL500_.jpg;"Simon Singh racconta in modo semplice e chiaro, comprensibile anche a chi non sa nulla di matematica, la storia di un teorema che ha coinvolto molti dei più grandi matematici del passato, facendo rivivere l'affascinante percorso della teoria dei numeri.
(Federico Peiretti, ""Tuttolibri"")";;;Racconti e antologie;4.30;05/24/2026;;;;;;;;Sx4;
La coscienza di Zeno;Svevo, Italo;Mondadori;2016-05-18;Copertina flessibile;392;Zeno;;ita;9788804668299;;https://www.goodreads.com/book/show/30342719-la-coscienza-di-zeno;;;https://i.gr-assets.com/images/S/compressed.photo.goodreads.com/books/1464954270l/30342719._SX98_.jpg;"Profondamente segnato dal confronto con la nascente psicoanalisi (la prima edizione è del 1923), ""La coscienza di Zeno"" è concepito come fosse il diario terapeutico che un ""nevrotico"", Zeno Cosini, scrive su richiesta del suo medico e che questi decide di pubblicare per ""vendicarsi"" del paziente che ha bruscamente interrotto la terapia. Il racconto di Zeno percorre così le tappe di una vita malata, attraverso la lotta contro il fumo, la morte del padre, la storia di un matrimonio senza amore, di un adulterio appassionante e infelice, di un'iniziativa commerciale disastrosa. Risalendo, con le note di un'impareggiabile ironia, tutti i tortuosi rivoli dell'esistenza interiore del protagonista, Italo Svevo affonda qui nelle più oscure e dolorose regioni dell'incertezza umana, per poi risalire alla quieta consapevolezza del ""male di vivere"".";;;Fiction;3.77;05/24/2026;;;;;;;;Sx4;
La costola di Adamo;Manzini, Antonio;Sellerio Editore Palermo;2014-01-09;Copertina flessibile;284;Rocco Schiavone;;Italiano;9788838931383;;https://www.amazon.it/dp/8838931380?tag=handylibitaly-21&linkCode=osi&th=1&psc=1;;;https://m.media-amazon.com/images/I/41He2mrFE8L._SL500_.jpg;"«Il vicequestore sorrise nel pensare alla somiglianza che sentiva tra lui e quel cane da punta». Rocco Schiavone ha la mania di paragonare a un animale ciascuna delle fisionomie umane che gli si para davanti. Ma più che il setter che gli suscita quell’accostamento, lui stesso fa venire in mente uno spinone, ispido, arruffato e rustico com’è: pur sempre, però, sottomesso all’istinto della caccia. È uno sbirro manesco e tutt’altro che immacolato, romano di conio trasteverino, con una piaga di dolore e di colpa che non può guarire. Ad Aosta, dove l’hanno trasferito d’ufficio, preferirebbe tenere le sue Clarks al riparo dall’acqua e godersi i suoi amorazzi, che non imbarcarsi in un’altra inchiesta piena di neve.
Una donna, una moglie che si avvicinava all’autunno della vita, è trovata cadavere dalla domestica. Impiccata al lampadario di una stanza immersa nell’oscurità. Intorno la devastazione di un furto. Ma Rocco non è convinto. E una successione di coincidenze e divergenze, così come l’ambiguità di tanti personaggi, trasformano a poco a poco il quadro di una rapina in una nebbia di misteri umani, ambientali, criminali.
Per dissolverla, il vicequestore Rocco Schiavone mette in campo il suo metodo annoiato e stringente, fatto di intuito rapido e brutalità, di compassione e tendenza a farsi giustizia da sé, di lealtà verso gli amici e infida astuzia. Soprattutto, deve accettare di sporgersi pericolosamente verso il mondo delle donne, a respirare il carattere insinuante, continuo, che assume la violenza quand’è esercitata su di loro.
Ogni interrogatorio condotto da Schiavone accende la curiosità della prossima rivelazione, ogni suo passo sollecita l’attesa del nuovo indizio, mentre intorno si sparge contagiosa la crescente sua commozione, si trasmette il suo malumore, e si fa convincente il pessimismo sgorgato dal suo «baratro di tristezza».
Le storie nere con Rocco Schiavone restano impresse. Per la geometrica densità dell’intreccio; per la cesellatura minuziosa di un personaggio la cui immagine ha la forza di uscire dalla pagina.";;;Gialli e thriller;3.92;05/23/2026;;;;;;;;Sx4;
La frontiera scomparsa;"Sepúlveda, Luis; Carmignani, Ilide";Guanda;;Copertina flessibile;;;;ita;9788877468536;;https://www.goodreads.com/book/show/9667208-la-frontiera-scomparsa;;;https://i.gr-assets.com/images/S/compressed.photo.goodreads.com/books/1323705247l/9667208._SX98_.jpg;"I due anni trascorsi da Sepúlveda nelle prigioni del regime cileno e l'espulsione dal suo paese natale; il ricordo di un detenuto a bordo di un treno che attraversa il Cile da sud a nord; la permanenza a Montevideo con due amici e militanti della sinistra rivoluzionaria che si trasforma in un'avventura quasi comica; un incontro memorabile sul confine boliviano e ancora molti altri episodi.";;;Narrativa;3.84;05/24/2026;;;;;;;;Sx4;
La Gioiosa Macchina Da Guerra;Occhetto, Achille;Report;;Copertina flessibile;;;;Italiano;9788835992899;;https://www.amazon.it/dp/8835992893?tag=handylibitaly-21&linkCode=osi&th=1&psc=1;;;https://m.media-amazon.com/images/I/41kQT7R2U3L._SL500_.jpg;;;;Categorie;;05/24/2026;;;;;;;;Sx4;
La gita a Tindari: 462;Camilleri, Andrea;Sellerio Editore Palermo;2000-02-18;Copertina flessibile;304;Commissario Montalbano;;Italiano;9788838915741;;https://www.amazon.it/dp/8838915741?tag=handylibitaly-21&linkCode=osi&th=1&psc=1;;;https://m.media-amazon.com/images/I/41lxizxWl4L._SL500_.jpg;Sta invecchiando il commissario Montalbano? No, non è questo. È l'amarezza per un caso dai retroscena sconcertanti e orrendi. È il saluto del nuovo secolo a questo Maigret siculo, più colto, più teso e irregolare. Egli indaga tra l'immaginaria Vigàta e Tindari, il promontorio a picco sul mare «col piccolo, misterioso teatro greco e la spiaggia a forma di una mano con le dita rosa». Un triplice omicidio è avvenuto - un giovane dongiovanni che viveva al di sopra dei suoi mezzi apparenti, due anziani pensionati seppelliti in casa che improvvisamente decidono una gita a Tindari. Li collega, sembra, solo un condominio. Ma Montalbano ha una maledizione, sa leggere i segni che provengono dall'antichissimo che vive nel modernissimo continente Sicilia: lo aiutano un vecchio ulivo contorto, la sua squadra, la svedese Ingrid, un libro di Conrad, e un Innominato senza pentimento.;;;Gialli e thriller;4.06;05/23/2026;;;;;;;;Sx4;
La grande occasione;D'Alema, Massimo;Mondadori;1996-07-01;Copertina flessibile;;;;Italiano;9788804421610;;https://www.amazon.it/dp/8804421614?tag=handylibitaly-21&linkCode=osi&th=1&psc=1;;;https://m.media-amazon.com/images/I/51PwrBOPWEL._SL500_.jpg;Italian;;;Politica;1.67;05/24/2026;;;;;;;;Sx4;
La legge fisica;"Feynman, Richard P.; Radicati di Brozolo, L.";Bollati Boringhieri;1993-01-18;Copertina flessibile;208;;;Italiano;9788833902616;;https://www.amazon.it/dp/8833902617?tag=handylibitaly-21&linkCode=osi&th=1&psc=1;;;https://m.media-amazon.com/images/I/414HocXiUSL._SL500_.jpg;"In questo ciclo di conferenze, il premio Nobel Richard Feynman, parlando a braccio sulla scorta di poche note, racconta a studenti di varia provenienza, con scarse conoscenze matematiche, in che cosa consiste il lavoro del fisico teorico. 
Il suo intento non è però di divulgare i contenuti della fisica (ché, tanto, senza equazioni nessuno «potrà mai far capire la natura a “quelli dell’altra cultura”») ma di mostrare il modo in cui essa procede e di rendere in qualche misura consapevoli anche i profani del valore intellettuale dell’impresa. E lo fa col suo stile immediato e antiretorico, senza vaghe affermazioni qualitative, sulla base di esempi concreti tratti dalla fisica di ieri e di oggi, analizzati quanto basta per mettere in luce l’essenza del metodo. Al lettore più esperto non sfuggiranno le osservazioni sottili, 
le intuizioni profonde di cui questo libretto, come ogni scritto di Feynman, è ricco: dalla dimostrazione einsteiniana della località delle leggi di conservazione all’analisi del significato della termodinamica, alle considerazioni finali sul futuro della fisica.";;;Fisica;4.30;05/24/2026;;;;;;;;Sx4;
LA MAPPA DELLA VITA L'interpretazione del codice genetico I grandi libri della Scienza contemporanea;"Dulbecco, Renato; contemporanea), Panorama (I grandi libri della Scienza";Generico;2006;Copertina rigida;0;;;;;;https://www.amazon.it/dp/B0CL4VNFQ7?tag=handylibitaly-21&linkCode=osi&th=1&psc=1;;;https://m.media-amazon.com/images/I/21xiVkxN-SL._SL500_.gif;;;;Categorie;;05/24/2026;;;;;;;;Sx4;
La mente nuova dell'imperatore;Penrose, Roger;Sansoni;1999-01-01;Copertina flessibile;;;;Italiano;9788838371301;;https://www.amazon.it/dp/883837130X?tag=handylibitaly-21&linkCode=osi&th=1&psc=1;;;https://m.media-amazon.com/images/I/51bgk3R9GNL._SL500_.jpg;;;;Scienze, tecnologia e medicina;;05/24/2026;;;;;;;;Sx4;
Le 17 equazioni che hanno cambiato il mondo;"Stewart, Ian; Panini, Giorgio P.";Einaudi;;Copertina flessibile;;;;ita;9788858430064;;https://www.goodreads.com/book/show/43198302-le-17-equazioni-che-hanno-cambiato-il-mondo;;;https://i.gr-assets.com/images/S/compressed.photo.goodreads.com/books/1544555277l/43198302._SX98_.jpg;"Le equazioni sono la linfa della matematica, delle scienze e della tecnologia. In loro assenza il nostro mondo non esisterebbe cosí come lo conosciamo. Senza le quattro equazioni che descrivono l'elettromagnetismo non avremmo la radio, il radar e la televisione. Senza l'equazione alla base della teoria dell'informazione non ci sarebbero tutti i sistemi digitali, dai telefoni a Internet. E se oggi siamo in grado di decifrare la natura del cosmo e di esplorare i pianeti lo dobbiamo alla scoperta della legge gravitazionale di Newton.
Dal teorema di Pitagora alla E=mc2 di Einstein, fino alle formule della meccanica quantistica, della teoria del caos o delle piú acrobatiche operazioni finanziarie, Ian Stewart passa in rassegna le diciassette equazioni che hanno cambiato la storia dell'umanità. E lo fa spiegando non solo l'enorme impatto che hanno avuto sul progresso e la vita di tutti, ma riuscendo nel miracolo di svelare il loro limpido splendore anche a chi con i numeri non ha mai avuto molta dimestichezza.";;;Science;3.96;05/24/2026;;;;;;;;Sx4;
Meccanica Quantistica Moderna;Sakurai, J.J.;Zanichelli;1985-01-01;Copertina flessibile;;;;ita;9788808127068;;https://www.goodreads.com/book/show/41821396-meccanica-quantistica-moderna;;;https://i.gr-assets.com/images/S/compressed.photo.goodreads.com/books/1536843379l/41821396._SX98_.jpg;Modern Quantum Mechanics is a classic graduate level textbook, covering the main quantum mechanics concepts in a clear, organized and engaging manner. The author, Jun John Sakurai, was a renowned theorist in particle theory. The second edition, revised by Jim Napolitano, introduces topics that extend the text's usefulness into the twenty-first century, such as advanced mathematical techniques associated with quantum mechanical calculations, while at the same time retaining classic developments such as neutron interferometer experiments, Feynman path integrals, correlation measurements, and Bell's inequality.;;;Physics;4.20;05/24/2026;;;;;;;;Sx4;
Miti dell'India e del buddhismo;"Nivedita, Sister; Kumarasvami, Ananda; Odierno, A.; Ananda Kumarasvami,   Nivedita (suor),   Nivedita (suora)";Laterza;;Copertina flessibile;272;;;ita;9788842045489;;https://www.goodreads.com/book/show/13360638-miti-dell-india-e-del-buddhismo;;;https://i.gr-assets.com/images/S/compressed.photo.goodreads.com/books/1338149827l/13360638._SX98_.jpg;"""Una introduzione acuta e profonda alla cultura tradizionale dell'India, che si può ormai considerare un classico."" Dalla Premessa di Raniero Gnoli";;;Mythology;3.70;05/24/2026;;;;;;;;Sx4;
Network Security Essentials: Applications and Standards;Stallings, William;Pearson;2000-01-11;Copertina flessibile;366;;;Inglese;9780130160935;;https://www.amazon.it/dp/0130160938?tag=handylibitaly-21&linkCode=osi&th=1&psc=1;;;https://m.media-amazon.com/images/I/21g8niSHUCL._SL500_.jpg;;;;Internet;3.75;05/24/2026;;;;;;;;Sx4;
Non è stagione: 983;Manzini, Antonio;Sellerio Editore Palermo;2015-01-12;Copertina flessibile;317;Rocco Schiavone;;Italiano;9788838932885;;https://www.amazon.it/dp/8838932883?tag=handylibitaly-21&linkCode=osi&th=1&psc=1;;;https://m.media-amazon.com/images/I/51jFclHGvjL._SL500_.jpg;"«Una volta ogni tanto, poteva anche sorridere. La vita poteva anche sorridere. E Rocco lo fece alzando la testa al cielo».
C’è un’azione parallela, in questa inchiesta del vicequestore Rocco Schiavone, che affianca la storia principale. È perché il passato dell’ispido poliziotto è segnato da una zona oscura e si ripresenta a ogni richiamo. Come un debito non riscattato. Come una ferita condannata a riaprirsi. E anche quando un’indagine che lo accora gli fa sentire il palpito di una vita salvata, da quel fondo mai scandagliato c’è uno spettro che spunta a ricordargli che a Rocco Schiavone la vita non può sorridere.
I Berguet, ricca famiglia di industriali valdostani, hanno un segreto, Rocco Schiavone lo intuisce per caso. Gli sembra di avvertire nei precordi un grido disperato. È scomparsa Chiara Berguet, figlia di famiglia, studentessa molto popolare tra i coetanei. Inizia così per il vicequestore una partita giocata su più tavoli: scoprire cosa si cela dietro la facciata irreprensibile di un ambiente privilegiato, sfidare il tempo in una corsa per la vita, illuminare l’area grigia dove il racket e gli affari si incontrano. Intanto cade la neve ad Aosta, ed è maggio: un fuori stagione che nutre il malumore di Rocco. E come venuta da quell’umor nero, un’ombra lo insegue per colpirlo dove è più doloroso.
Il terzo romanzo della serie di Rocco Schiavone, Non è stagione, è un noir di azione. Ma è insieme il vivido ritratto di un uomo prigioniero del destino. Un personaggio tragico, complesso e consapevole.";;;Gialli e thriller;4.06;05/23/2026;;;;;;;;Sx4;
Physics of Atoms and Molecules;"Bransden, B.H.; Joachain, C.J.";Longman Pub Group;1982-12-20;Copertina flessibile;704;;;Inglese;9780582444010;;https://www.amazon.it/dp/0582444012?tag=handylibitaly-21&linkCode=osi&th=1&psc=1;;;https://m.media-amazon.com/images/I/4116kWjo0SL._SL500_.jpg;;;;Impresa, strategia e gestione;3.91;05/24/2026;;;;;;;;Sx4;
Physics Of Semiconductors Devices;Sze, Simon M.;Wiley;1981-09-30;Copertina rigida;880;;;Inglese;9780471056614;;https://www.amazon.it/dp/0471056618?tag=handylibitaly-21&linkCode=osi&th=1&psc=1;;;https://m.media-amazon.com/images/I/51Ve+xLpp9L._SL500_.jpg;;;;Fisica;4.38;05/24/2026;;;;;;;;Sx4;
Pista nera;Manzini, Antonio;Sellerio Editore Palermo;2013-01-31;Copertina flessibile;278;Rocco Schiavone;;Italiano;9788838929090;;https://www.amazon.it/dp/8838929092?tag=handylibitaly-21&linkCode=osi&th=1&psc=1;;;https://m.media-amazon.com/images/I/51axNYIpL6L._SL500_.jpg;"Semisepolto in mezzo a una pista sciistica sopra Champoluc, in Val d'Aosta, viene rinvenuto un cadavere. Sul corpo è passato un cingolato in uso per spianare la neve, smembrandolo e rendendolo irriconoscibile. Poche tracce lì intorno per il vicequestore Rocco Schiavone da poco trasferito ad Aosta: briciole di tabacco, lembi di indumenti, resti organici di varia pezzatura e un macabro segno che non si è trattato di un incidente ma di un delitto. La vittima si chiama Leone Miccichè. È un catanese, di famiglia di imprenditori vinicoli, venuto tra le cime e i ghiacciai ad aprire una lussuosa attività turistica, insieme alla moglie Luisa Pec, un'intelligente bellezza del luogo che spicca tra le tante che stuzzicano i facili appetiti del vicequestore. Davanti al quale si aprono tre piste: la vendetta di mafia, i debiti, il delitto passionale. Quello di Schiavone è stato un trasferimento punitivo. È un poliziotto corrotto, ama la bella vita. Però ha talento. Mette un tassello dietro l'altro nell'enigma dell'inchiesta, collocandovi vite e caratteri delle persone come fossero frammenti di un puzzle. Non è un brav'uomo ma non si può non parteggiare per lui, forse per la sua vigorosa antipatia verso i luoghi comuni che ci circondano, forse perché è l'unico baluardo contro il male peggiore, la morte per mano omicida (""in natura la morte non ha colpe""), o forse per qualche altro motivo che chiude in fondo al cuore.";;;Gialli e thriller;3.77;05/23/2026;;;;;;;;Sx4;
Probabilità e statistica per l'ingegneria e le scienze;Ross, Sheldon M.;Apogeo;2006-09-05;Copertina flessibile;600;;;Italiano;9788873038979;;https://www.amazon.it/dp/8873038972?tag=handylibitaly-21&linkCode=osi&th=1&psc=1;;;https://m.media-amazon.com/images/I/41qK8uUtpfL._SL500_.jpg;;;;Matematica;;05/24/2026;;;;;;;;Sx4;
Probabilità e statistica per l'ingegneria e le scienze;Ross, Sheldon M.;Apogeo;2006-09-05;Copertina flessibile;600;;;Italiano;9788873038979;;https://www.amazon.it/dp/8873038972?tag=handylibitaly-21&linkCode=osi&th=1&psc=1;;;https://m.media-amazon.com/images/I/41qK8uUtpfL._SL500_.jpg;;;;Matematica;;05/24/2026;;;;;;;;Sx4;
Problemi di fisica generale. Elettromagnetismo e ottica;"Nigro, Massimo; Voci, Cesare";Cortina (Padova);2003-07-26;Copertina flessibile;636;;;Italiano;9788877840455;;https://www.amazon.it/dp/8877840455?tag=handylibitaly-21&linkCode=osi&th=1&psc=1;;;https://m.media-amazon.com/images/I/51u0UdiAmHL._SL500_.jpg;;;;Fisica;;05/24/2026;;;;;;;;Sx4;
QED. La strana teoria della luce e della materia;"Feynman, Richard P.; Nicodemi, F.";Adelphi;1989-11-06;Copertina flessibile;196;;;Italiano;9788845907197;;https://www.amazon.it/dp/8845907198?tag=handylibitaly-21&linkCode=osi&th=1&psc=1;;;https://m.media-amazon.com/images/I/31nNr6Ue5bL._SL500_.jpg;In questo libro, con stupefacente chiarezza, un grande fisico ci spiega come tutto ciò che percepiamo dipenda da accadimenti naturali che violano ogni aspettativa del senso comune. La via scelta è la seguente: guidare, come in un vero tour de force, ogni testa pensante negli impensabili meandri dell’elettrodinamica quantistica (abbreviata nella sigla QED del titolo). Il punto di partenza è la riflessione della luce. Prendendo le mosse da esperienze elementari, Feynman ci mostra come tale riflessione, lungi dall’essere un semplice mutamento di direzione di un raggio luminoso, sia un accadimento che va contro tutte le concezioni del senso comune. Da ciò una serie inarrestabile di conseguenze, in ogni direzione. E – ciò che più conta per il lettore non specialista – Feynman procede mantenendo sempre la spiegazione in stretto contatto con l’esame di varie esperienze fisiche, così da farci entrare, in certo modo, nella mente dello scienziato che le osserva (e, per certi fenomeni, la prima mente che osservava fu proprio la sua). Mentre al tempo stesso riesce a presentare concetti ben noti in termini sorprendenti per gli stessi fisici. C’è poi una importante novità di atteggiamento, in Feynman. Mentre alcuni fra i suoi illustri predecessori, pur avendo riconosciuto la sconcertante realtà della meccanica quantistica, continuavano a guardare con nostalgia alle sicurezze del senso comune insite nella fisica classica, Feynman è stato forse il primo fisico a vivere senza inibizioni lo shock della quantizzazione. Il suo criterio sembrerebbe il seguente: porsi spudoratamente al di là del buon senso e della intuizione comune, purché i conti tornino e le misure siano esatte. Intorno a Richard Feynman si è venuta formando una sorta di leggenda. Premio Nobel per la fisica nel 1965 come riconoscimento alle sue ricerche di elettrodinamica quantistica (che sono anche il tema di questo libro), divenne presto una figura molto popolare e molto amata per la sua impressionante versatilità e per lo spirito irriverente, uniti a una rara capacità di rendere accessibili i fatti più complessi della fisica. Questo suo libro, che apparve nel 1985, ne è la dimostrazione più felice.;;;Fisica;4.27;05/24/2026;;;;;;;;Sx4;
Quando tutto brucia;"Proietti, Catia; Alemanno, Andrea";Albero delle Matite;2023-11-17;Copertina rigida;272;;;Italiano;9788899814243;;https://www.amazon.it/dp/8899814244?tag=handylibitaly-21&linkCode=osi&th=1&psc=1;;;https://m.media-amazon.com/images/I/41fRmFf4NPL._SL500_.jpg;Sei pronto a entrare nell'aula B delle Scuole Vecchie? Nulla sarà più come prima. Malick, Martina e i loro amici non hanno un luogo dove ritrovarsi. L'aula B delle Scuole Vecchie di Rebibbia diventa il loro rifugio notturno. Malick soffre di “mal di mondo”, appassionato di cinema, si protegge guardando la realtà come fosse dietro una macchina da presa. Martina ostenta una sicurezza che non ha. Mattia scopre di essere un “neet”. Zaril sogna di incontrare Zerocalcare. Intanto, Carola chiede giustizia per suo figlio ucciso in un pestaggio. Un filo invisibile lega le vicende della donna a quelle dei ragazzi, ma quando il Miccia e la sua gang cominciano a scorrazzare per le strade del quartiere nessuno è più al sicuro.;;;Emozioni e sentimenti;3.57;05/24/2026;;;;;;;;Sx4;
Reti di calcolatori e internet. Un approccio top-down;"Kurose, James F.; Ross, Keith W.; D'Antona, O. M.; Ludovico, L. A.; Formenti, A.";Pearson;2005-01-01;Copertina flessibile;716;;;Italiano;9788871922256;;https://www.amazon.it/dp/8871922255?tag=handylibitaly-21&linkCode=osi&th=1&psc=1;;;https://m.media-amazon.com/images/I/31jl9HzrU2L._SL500_.jpg;"Building on the successful top-down approach of previous editions, the Fourth Edition of Computer Networking continues with an early emphasis on application-layer paradigms and application programming interfaces, encouraging a hands-on experience with protocols and networking concepts. With this edition, Kurose and Ross bring the issues of network security to the forefront, along with integration of the most current and relevant networking technologies.

Computer Networks and the Internet; Application Layer; Transport Layer; The Network Layer; The Link Layer and Local Area Networks; Wireless and Mobile Networks; Multimedia Networking; Security in Computer Networks; Network Management.

For all readers interested in computer networking technologies.
";;;Browser web;4.08;05/24/2026;;;;;;;;Sx4;
Reti di computer;Tanenbaum, Andrew S.;UTET Università;1997-10-01;Copertina flessibile;800;;;Italiano;9788877504531;;https://www.amazon.it/dp/8877504536?tag=handylibitaly-21&linkCode=osi&th=1&psc=1;;;https://m.media-amazon.com/images/I/41Fv0F-RIeL._SL500_.jpg;;;;Ingegneria;;05/24/2026;;;;;;;;Sx4;
Sistemi operativi. Concetti ed esempi;"Silberschatz, Abraham; Galvin, Peter Baer; Gagne, Greg";Pearson;2006-01-01;Copertina flessibile;886;;;Italiano;9788871922331;;https://www.amazon.it/dp/8871922336?tag=handylibitaly-21&linkCode=osi&th=1&psc=1;;;https://m.media-amazon.com/images/I/615a2U1uoML._SL500_.jpg;;;;Sistemi operativi;;05/24/2026;;;;;;;;Sx4;
Solid State Physics;Ashcroft, Neil W.;Harcourt School;1976-01-01;Copertina flessibile;840;;;Inglese;9780030493461;;https://www.amazon.it/dp/0030493463?tag=handylibitaly-21&linkCode=osi&th=1&psc=1;;;https://m.media-amazon.com/images/I/41JjcF5B-nL._SL500_.jpg;;;;Fisica;;05/24/2026;;;;;;;;Sx4;
Spostare il centro del mondo;Thiong'o, Ngũgĩ wa;Meltemi;;Copertina flessibile;210;;;ita;9788883530326;;https://www.goodreads.com/book/show/38580926-spostare-il-centro-del-mondo;;;https://i.gr-assets.com/images/S/compressed.photo.goodreads.com/books/1518643107l/38580926._SX98_.jpg;;;;Africa;4.31;05/24/2026;;;;;;;;Sx4;
Storia d'Italia. L' Italia dei secoli d'oro. Il Medio Evo dal 1250 al 1492 (Vol. 3);"Montanelli, Indro; Gervaso, Roberto";Rizzoli;1997-07-09;Copertina flessibile;320;Storia d'Italia;3;Italiano;9788817118132;;https://www.amazon.it/dp/8817118133?tag=handylibitaly-21&linkCode=osi&th=1&psc=1;;;https://m.media-amazon.com/images/I/41xechOYirL._SL500_.jpg;Dalla morte di Federico II alla scoperta dell'America, il grande fermento civile e culturale del Rinascimento. I moti di Cola di Rienzo, la fine dello scisma d'Occidente, l'ascesa di casati come Medici, Visconti, Este. Sono gli anni in cui l'Italia primeggia, ma che ne preparano la decadenza: un Paese di piccoli Stati in lotta è condannato all'isolamento.;;;Storia;4.11;05/24/2026;;;;;;;;Sx4;
Storia d'Italia. L' Italia del Seicento (Vol. 5);"Montanelli, Indro; Gervaso, Roberto";Rizzoli;1998-02-11;Copertina flessibile;384;Storia d'Italia;5;Italiano;9788817118156;;https://www.amazon.it/dp/881711815X?tag=handylibitaly-21&linkCode=osi&th=1&psc=1;;;https://m.media-amazon.com/images/I/51z9Pk19R2L._SL500_.jpg;Ad affacciarsi sul XVII secolo è un'Italia pacificata dal dominio spagnolo e politicamente ininfluente. Mentre il Mediterraneo perde il suo ruolo centrale a favore del ''nuovo Occidente'', il nostro Paese vive la fase declinante di lente trasformazioni.;;;Storia moderna fino al XVIII secolo;4.06;05/24/2026;;;;;;;;Sx4;
Storia d'Italia. L' Italia della Controriforma (Vol. 4);"Montanelli, Indro; Gervaso, Roberto";Rizzoli;1997-10-29;Copertina flessibile;420;Storia d'Italia;4;Italiano;9788817118187;;https://www.amazon.it/dp/8817118184?tag=handylibitaly-21&linkCode=osi&th=1&psc=1;;;https://m.media-amazon.com/images/I/51U8a1bvWkL._SL500_.jpg;La calata di Carlo VIII segna la fine dell'indipendenza italiana, in un panorama europeo dagli equilibri mutati. E mentre sul continente soffia il vento della rivoluzione luterana, da noi la Controriforma inaugura secoli di oscurantismo. Tra grandi figure come Lutero, Calvino, Giordano Bruno e Galileo, un periodo tra i più bui della storia italiana.;;;Storia moderna fino al XVIII secolo;4.15;05/24/2026;;;;;;;;Sx4;
Storia delle donne in Occidente. L'Antichità (Vol. 1);"Duby, Georges; Perrot, Michelle; Marogna, Giorgia Viano; Guidobaldi, Maria Paola; Villari, Fausta Cataldi; Tartara, Marina; Pantel, Pauline Schmitt";Laterza;1997-01-01;Copertina flessibile;615;A History of Women in the West;1;Italiano;9788842043744;;https://www.amazon.it/dp/8842043745?tag=handylibitaly-21&linkCode=osi&th=1&psc=1;;;https://m.media-amazon.com/images/I/51mjm7jXcwL._SL500_.jpg;"Informed by the work of seventy-five distinguished historians, this five-volume series sets before us an engaging, panoramic chronicle that extends from antiquity to the present day. 

The inaugural volume brings women from the margins of ancient history into the fore. It offers fresh insight into more than twenty centuries of Greek and Roman history and encompasses a landscape that stretches from the North Sea to the Mediterranean and from the Pillars of Hercules to the banks of the Indus. The authors draw upon a wide range of sources including gravestones, floor plans, papyrus rolls, vase paintings, and literary works to illustrate how representations of women evolved during this age. They journey into the minds of men and bring to light an imaginative history of women and of the relations between the sexes.

";;;Storia antica;4.05;05/24/2026;;;;;;;;Sx4;
Storia di Roma;Montanelli, Indro;Rizzoli;1988-10-21;Copertina flessibile;464;;;Italiano;9788817115056;;https://www.amazon.it/dp/8817115053?tag=handylibitaly-21&linkCode=osi&th=1&psc=1;;;https://m.media-amazon.com/images/I/51Roi6gkU0L._SL500_.jpg;Montanelli ha raccontato la storia con un amore eccezionale. Questo saggio ne mostra le doti di divulgatore, capace di coniugare la precisione dello studioso alla vivacità del narratore. Rivivono figure imponenti - da Annibale a Cesare, da Augusto a Caligola e Nerone - in una straordinaria ricostruzione degli avvenimenti del più grande impero occidentale.;;;Roma;4.18;05/24/2026;;;;;;;;Sx4;
Sulla strada di Iqbal;"Proietti, Catia; Garbuglia, Shu";Albero delle Matite;2020-09-30;Copertina rigida;224;;;Italiano;9788899814083;;https://www.amazon.it/dp/8899814082?tag=handylibitaly-21&linkCode=osi&th=1&psc=1;;;https://m.media-amazon.com/images/I/51TmJGElU8L._SL500_.jpg;"Ispirato alla storia di Iqbal Masih. Maya e sua madre Irene vivono, in affitto, in un piccolo appartamento della periferia romana, in compagnia di Mollica, un cane trovatello. Grandi alleate nella vita, Irene e Maya evitano cibo in scatola, fast-food, televisione e social-media, in un rapporto intenso costruito leggendo gli stessi libri e parlando di attualità. Ma a tredici anni Maya non vuole più essere ""l'unica adolescente sul pianeta terra senza cellulare"". Inevitabile lo scontro tra madre e figlia, in un momento di fragilità per Irene che ha perso il lavoro e vede le sue scelte come un fallimento. Finché la strada di Maya incontra quella di Iqbal... Una storia che narra di forti legami di amicizia e di amore che non cederanno alla paura o ai momenti di difficoltà.

""Cioè non è che quando vai in un negozio a comprare una maglietta colorata pensi alle emissioni di gas serra prodotte, all'acqua utilizzata e ai prodotti chimici finiti nei fiumi, e quindi nel mare. No. Non ci pensi. Compri la tua maglietta perché ti piace e vuoi indossarla. punto.""

""Alcune volte la narrativa riesce ad essere magica. Accade quando una storia non si limita ad appassionare, ma intreccia temi e linguaggi e nutre così la mente e l'anima di chi legge, generando conoscenza, emozioni, consapevolezza.""
Prefazione di Valeria Fedeli, già ministra del MIUR";;;Problemi sociali e familiaris;3.91;05/24/2026;;;;;;;;Sx4;
The Elements of Statistical Learning: Data Mining, Inference, and Prediction;"Hastie, Trevor; Tibshirani, Robert; Friedman, Jerome";Springer Nature;2009-02-09;Copertina rigida;745;;;Inglese;9780387848570;;https://www.amazon.it/dp/0387848576?tag=handylibitaly-21&linkCode=osi&th=1&psc=1;;;https://m.media-amazon.com/images/I/41edWOeOdIL._SL500_.jpg;During the past decade there has been an explosion in computation and information technology. With it has come vast amounts of data in a variety of fields such as medicine, biology, finance, and marketing. The challenge of understanding these data has led to the development of new tools in the field of statistics, and spawned new areas such as data mining, machine learning, and bioinformatics. Many of these tools have common underpinnings but are often expressed with different terminology. This book describes the important ideas in these areas in a common conceptual framework. While the approach is statistical, the emphasis is on concepts rather than mathematics. Many examples are given, with a liberal use of color graphics. It should be a valuable resource for statisticians and anyone interested in data mining in science or industry. The book's coverage is broad, from supervised learning (prediction) to unsupervised learning. The many topics include neural networks, support vector machines, classification trees and boosting—the first comprehensive treatment of this topic in any book. Trevor Hastie, Robert Tibshirani, and Jerome Friedman are professors of statistics at Stanford University. They are prominent researchers in this area: Hastie and Tibshirani developed generalized additive models and wrote a popular book of that title. Hastie wrote much of the statistical modeling software in S-PLUS and invented principal curves and surfaces. Tibshirani proposed the Lasso and is co-author of the very successful An Introduction to the Bootstrap. Friedman is the co-inventor of many data-mining tools including CART, MARS, and projection pursuit.;;;Database;4.43;05/24/2026;;;;;;;;Sx4;
The Quantum Theory of Light;Loudon, Rodney;Oxford Univ Pr;1983-08-01;Copertina flessibile;410;;;Inglese;9780198511557;;https://www.amazon.it/dp/0198511558?tag=handylibitaly-21&linkCode=osi&th=1&psc=1;;;https://m.media-amazon.com/images/I/41qB2fqE6RL._SL500_.jpg;;;;Fisica;3.62;05/24/2026;;;;;;;;Sx4;